0,2,52,50,1,27,51,25,26
2,4,54,52,3,29,53,27,28
4,6,56,54,5,31,55,29,30
6,8,58,56,7,33,57,31,32
8,10,60,58,9,35,59,33,34
10,12,62,60,11,37,61,35,36
12,14,64,62,13,39,63,37,38
14,16,66,64,15,41,65,39,40
16,18,68,66,17,43,67,41,42
18,20,70,68,19,45,69,43,44
20,22,72,70,21,47,71,45,46
22,24,74,72,23,49,73,47,48
50,52,102,100,51,77,101,75,76
52,54,104,102,53,79,103,77,78
54,56,106,104,55,81,105,79,80
56,58,108,106,57,83,107,81,82
58,60,110,108,59,85,109,83,84
60,62,112,110,61,87,111,85,86
62,64,114,112,63,89,113,87,88
64,66,116,114,65,91,115,89,90
66,68,118,116,67,93,117,91,92
68,70,120,118,69,95,119,93,94
70,72,122,120,71,97,121,95,96
72,74,124,122,73,99,123,97,98
100,102,152,150,101,127,151,125,126
102,104,154,152,103,129,153,127,128
104,106,156,154,105,131,155,129,130
106,108,158,156,107,133,157,131,132
108,110,160,158,109,135,159,133,134
110,112,162,160,111,137,161,135,136
112,114,164,162,113,139,163,137,138
114,116,166,164,115,141,165,139,140
116,118,168,166,117,143,167,141,142
118,120,170,168,119,145,169,143,144
120,122,172,170,121,147,171,145,146
122,124,174,172,123,149,173,147,148
150,152,202,200,151,177,201,175,176
152,154,204,202,153,179,203,177,178
154,156,206,204,155,181,205,179,180
156,158,208,206,157,183,207,181,182
158,160,210,208,159,185,209,183,184
160,162,212,210,161,187,211,185,186
162,164,214,212,163,189,213,187,188
164,166,216,214,165,191,215,189,190
166,168,218,216,167,193,217,191,192
168,170,220,218,169,195,219,193,194
170,172,222,220,171,197,221,195,196
172,174,224,222,173,199,223,197,198
200,202,252,250,201,227,251,225,226
202,204,254,252,203,229,253,227,228
204,206,256,254,205,231,255,229,230
206,208,258,256,207,233,257,231,232
208,210,260,258,209,235,259,233,234
210,212,262,260,211,237,261,235,236
212,214,264,262,213,239,263,237,238
214,216,266,264,215,241,265,239,240
216,218,268,266,217,243,267,241,242
218,220,270,268,219,245,269,243,244
220,222,272,270,221,247,271,245,246
222,224,274,272,223,249,273,247,248
250,252,302,300,251,277,301,275,276
252,254,304,302,253,279,303,277,278
254,256,306,304,255,281,305,279,280
256,258,308,306,257,283,307,281,282
258,260,310,308,259,285,309,283,284
260,262,312,310,261,287,311,285,286
262,264,314,312,263,289,313,287,288
264,266,316,314,265,291,315,289,290
266,268,318,316,267,293,317,291,292
268,270,320,318,269,295,319,293,294
270,272,322,320,271,297,321,295,296
272,274,324,322,273,299,323,297,298
300,302,352,350,301,327,351,325,326
302,304,354,352,303,329,353,327,328
304,306,356,354,305,331,355,329,330
306,308,358,356,307,333,357,331,332
308,310,360,358,309,335,359,333,334
310,312,362,360,311,337,361,335,336
312,314,364,362,313,339,363,337,338
314,316,366,364,315,341,365,339,340
316,318,368,366,317,343,367,341,342
318,320,370,368,319,345,369,343,344
320,322,372,370,321,347,371,345,346
322,324,374,372,323,349,373,347,348
350,352,402,400,351,377,401,375,376
352,354,404,402,353,379,403,377,378
354,356,406,404,355,381,405,379,380
356,358,408,406,357,383,407,381,382
358,360,410,408,359,385,409,383,384
360,362,412,410,361,387,411,385,386
362,364,414,412,363,389,413,387,388
364,366,416,414,365,391,415,389,390
366,368,418,416,367,393,417,391,392
368,370,420,418,369,395,419,393,394
370,372,422,420,371,397,421,395,396
372,374,424,422,373,399,423,397,398
400,402,452,450,401,427,451,425,426
402,404,454,452,403,429,453,427,428
404,406,456,454,405,431,455,429,430
406,408,458,456,407,433,457,431,432
408,410,460,458,409,435,459,433,434
410,412,462,460,411,437,461,435,436
412,414,464,462,413,439,463,437,438
414,416,466,464,415,441,465,439,440
416,418,468,466,417,443,467,441,442
418,420,470,468,419,445,469,443,444
420,422,472,470,421,447,471,445,446
422,424,474,472,423,449,473,447,448
450,452,502,500,451,477,501,475,476
452,454,504,502,453,479,503,477,478
454,456,506,504,455,481,505,479,480
456,458,508,506,457,483,507,481,482
458,460,510,508,459,485,509,483,484
460,462,512,510,461,487,511,485,486
462,464,514,512,463,489,513,487,488
464,466,516,514,465,491,515,489,490
466,468,518,516,467,493,517,491,492
468,470,520,518,469,495,519,493,494
470,472,522,520,471,497,521,495,496
472,474,524,522,473,499,523,497,498
500,502,552,550,501,527,551,525,526
502,504,554,552,503,529,553,527,528
504,506,556,554,505,531,555,529,530
506,508,558,556,507,533,557,531,532
508,510,560,558,509,535,559,533,534
510,512,562,560,511,537,561,535,536
512,514,564,562,513,539,563,537,538
514,516,566,564,515,541,565,539,540
516,518,568,566,517,543,567,541,542
518,520,570,568,519,545,569,543,544
520,522,572,570,521,547,571,545,546
522,524,574,572,523,549,573,547,548
550,552,602,600,551,577,601,575,576
552,554,604,602,553,579,603,577,578
554,556,606,604,555,581,605,579,580
556,558,608,606,557,583,607,581,582
558,560,610,608,559,585,609,583,584
560,562,612,610,561,587,611,585,586
562,564,614,612,563,589,613,587,588
564,566,616,614,565,591,615,589,590
566,568,618,616,567,593,617,591,592
568,570,620,618,569,595,619,593,594
570,572,622,620,571,597,621,595,596
572,574,624,622,573,599,623,597,598
600,602,652,650,601,627,651,625,626
602,604,654,652,603,629,653,627,628
604,606,656,654,605,631,655,629,630
606,608,658,656,607,633,657,631,632
608,610,660,658,609,635,659,633,634
610,612,662,660,611,637,661,635,636
612,614,664,662,613,639,663,637,638
614,616,666,664,615,641,665,639,640
616,618,668,666,617,643,667,641,642
618,620,670,668,619,645,669,643,644
620,622,672,670,621,647,671,645,646
622,624,674,672,623,649,673,647,648
650,652,702,700,651,677,701,675,676
652,654,704,702,653,679,703,677,678
654,656,706,704,655,681,705,679,680
656,658,708,706,657,683,707,681,682
658,660,710,708,659,685,709,683,684
660,662,712,710,661,687,711,685,686
662,664,714,712,663,689,713,687,688
664,666,716,714,665,691,715,689,690
666,668,718,716,667,693,717,691,692
668,670,720,718,669,695,719,693,694
670,672,722,720,671,697,721,695,696
672,674,724,722,673,699,723,697,698
700,702,752,750,701,727,751,725,726
702,704,754,752,703,729,753,727,728
704,706,756,754,705,731,755,729,730
706,708,758,756,707,733,757,731,732
708,710,760,758,709,735,759,733,734
710,712,762,760,711,737,761,735,736
712,714,764,762,713,739,763,737,738
714,716,766,764,715,741,765,739,740
716,718,768,766,717,743,767,741,742
718,720,770,768,719,745,769,743,744
720,722,772,770,721,747,771,745,746
722,724,774,772,723,749,773,747,748
750,752,802,800,751,777,801,775,776
752,754,804,802,753,779,803,777,778
754,756,806,804,755,781,805,779,780
756,758,808,806,757,783,807,781,782
758,760,810,808,759,785,809,783,784
760,762,812,810,761,787,811,785,786
762,764,814,812,763,789,813,787,788
764,766,816,814,765,791,815,789,790
766,768,818,816,767,793,817,791,792
768,770,820,818,769,795,819,793,794
770,772,822,820,771,797,821,795,796
772,774,824,822,773,799,823,797,798
