0,2,100,98,1,51,99,49,50
2,4,102,100,3,53,101,51,52
4,6,104,102,5,55,103,53,54
6,8,106,104,7,57,105,55,56
8,10,108,106,9,59,107,57,58
10,12,110,108,11,61,109,59,60
12,14,112,110,13,63,111,61,62
14,16,114,112,15,65,113,63,64
16,18,116,114,17,67,115,65,66
18,20,118,116,19,69,117,67,68
20,22,120,118,21,71,119,69,70
22,24,122,120,23,73,121,71,72
24,26,124,122,25,75,123,73,74
26,28,126,124,27,77,125,75,76
28,30,128,126,29,79,127,77,78
30,32,130,128,31,81,129,79,80
32,34,132,130,33,83,131,81,82
34,36,134,132,35,85,133,83,84
36,38,136,134,37,87,135,85,86
38,40,138,136,39,89,137,87,88
40,42,140,138,41,91,139,89,90
42,44,142,140,43,93,141,91,92
44,46,144,142,45,95,143,93,94
46,48,146,144,47,97,145,95,96
98,100,198,196,99,149,197,147,148
100,102,200,198,101,151,199,149,150
102,104,202,200,103,153,201,151,152
104,106,204,202,105,155,203,153,154
106,108,206,204,107,157,205,155,156
108,110,208,206,109,159,207,157,158
110,112,210,208,111,161,209,159,160
112,114,212,210,113,163,211,161,162
114,116,214,212,115,165,213,163,164
116,118,216,214,117,167,215,165,166
118,120,218,216,119,169,217,167,168
120,122,220,218,121,171,219,169,170
122,124,222,220,123,173,221,171,172
124,126,224,222,125,175,223,173,174
126,128,226,224,127,177,225,175,176
128,130,228,226,129,179,227,177,178
130,132,230,228,131,181,229,179,180
132,134,232,230,133,183,231,181,182
134,136,234,232,135,185,233,183,184
136,138,236,234,137,187,235,185,186
138,140,238,236,139,189,237,187,188
140,142,240,238,141,191,239,189,190
142,144,242,240,143,193,241,191,192
144,146,244,242,145,195,243,193,194
196,198,296,294,197,247,295,245,246
198,200,298,296,199,249,297,247,248
200,202,300,298,201,251,299,249,250
202,204,302,300,203,253,301,251,252
204,206,304,302,205,255,303,253,254
206,208,306,304,207,257,305,255,256
208,210,308,306,209,259,307,257,258
210,212,310,308,211,261,309,259,260
212,214,312,310,213,263,311,261,262
214,216,314,312,215,265,313,263,264
216,218,316,314,217,267,315,265,266
218,220,318,316,219,269,317,267,268
220,222,320,318,221,271,319,269,270
222,224,322,320,223,273,321,271,272
224,226,324,322,225,275,323,273,274
226,228,326,324,227,277,325,275,276
228,230,328,326,229,279,327,277,278
230,232,330,328,231,281,329,279,280
232,234,332,330,233,283,331,281,282
234,236,334,332,235,285,333,283,284
236,238,336,334,237,287,335,285,286
238,240,338,336,239,289,337,287,288
240,242,340,338,241,291,339,289,290
242,244,342,340,243,293,341,291,292
294,296,394,392,295,345,393,343,344
296,298,396,394,297,347,395,345,346
298,300,398,396,299,349,397,347,348
300,302,400,398,301,351,399,349,350
302,304,402,400,303,353,401,351,352
304,306,404,402,305,355,403,353,354
306,308,406,404,307,357,405,355,356
308,310,408,406,309,359,407,357,358
310,312,410,408,311,361,409,359,360
312,314,412,410,313,363,411,361,362
314,316,414,412,315,365,413,363,364
316,318,416,414,317,367,415,365,366
318,320,418,416,319,369,417,367,368
320,322,420,418,321,371,419,369,370
322,324,422,420,323,373,421,371,372
324,326,424,422,325,375,423,373,374
326,328,426,424,327,377,425,375,376
328,330,428,426,329,379,427,377,378
330,332,430,428,331,381,429,379,380
332,334,432,430,333,383,431,381,382
334,336,434,432,335,385,433,383,384
336,338,436,434,337,387,435,385,386
338,340,438,436,339,389,437,387,388
340,342,440,438,341,391,439,389,390
392,394,492,490,393,443,491,441,442
394,396,494,492,395,445,493,443,444
396,398,496,494,397,447,495,445,446
398,400,498,496,399,449,497,447,448
400,402,500,498,401,451,499,449,450
402,404,502,500,403,453,501,451,452
404,406,504,502,405,455,503,453,454
406,408,506,504,407,457,505,455,456
408,410,508,506,409,459,507,457,458
410,412,510,508,411,461,509,459,460
412,414,512,510,413,463,511,461,462
414,416,514,512,415,465,513,463,464
416,418,516,514,417,467,515,465,466
418,420,518,516,419,469,517,467,468
420,422,520,518,421,471,519,469,470
422,424,522,520,423,473,521,471,472
424,426,524,522,425,475,523,473,474
426,428,526,524,427,477,525,475,476
428,430,528,526,429,479,527,477,478
430,432,530,528,431,481,529,479,480
432,434,532,530,433,483,531,481,482
434,436,534,532,435,485,533,483,484
436,438,536,534,437,487,535,485,486
438,440,538,536,439,489,537,487,488
490,492,590,588,491,541,589,539,540
492,494,592,590,493,543,591,541,542
494,496,594,592,495,545,593,543,544
496,498,596,594,497,547,595,545,546
498,500,598,596,499,549,597,547,548
500,502,600,598,501,551,599,549,550
502,504,602,600,503,553,601,551,552
504,506,604,602,505,555,603,553,554
506,508,606,604,507,557,605,555,556
508,510,608,606,509,559,607,557,558
510,512,610,608,511,561,609,559,560
512,514,612,610,513,563,611,561,562
514,516,614,612,515,565,613,563,564
516,518,616,614,517,567,615,565,566
518,520,618,616,519,569,617,567,568
520,522,620,618,521,571,619,569,570
522,524,622,620,523,573,621,571,572
524,526,624,622,525,575,623,573,574
526,528,626,624,527,577,625,575,576
528,530,628,626,529,579,627,577,578
530,532,630,628,531,581,629,579,580
532,534,632,630,533,583,631,581,582
534,536,634,632,535,585,633,583,584
536,538,636,634,537,587,635,585,586
588,590,688,686,589,639,687,637,638
590,592,690,688,591,641,689,639,640
592,594,692,690,593,643,691,641,642
594,596,694,692,595,645,693,643,644
596,598,696,694,597,647,695,645,646
598,600,698,696,599,649,697,647,648
600,602,700,698,601,651,699,649,650
602,604,702,700,603,653,701,651,652
604,606,704,702,605,655,703,653,654
606,608,706,704,607,657,705,655,656
608,610,708,706,609,659,707,657,658
610,612,710,708,611,661,709,659,660
612,614,712,710,613,663,711,661,662
614,616,714,712,615,665,713,663,664
616,618,716,714,617,667,715,665,666
618,620,718,716,619,669,717,667,668
620,622,720,718,621,671,719,669,670
622,624,722,720,623,673,721,671,672
624,626,724,722,625,675,723,673,674
626,628,726,724,627,677,725,675,676
628,630,728,726,629,679,727,677,678
630,632,730,728,631,681,729,679,680
632,634,732,730,633,683,731,681,682
634,636,734,732,635,685,733,683,684
686,688,786,784,687,737,785,735,736
688,690,788,786,689,739,787,737,738
690,692,790,788,691,741,789,739,740
692,694,792,790,693,743,791,741,742
694,696,794,792,695,745,793,743,744
696,698,796,794,697,747,795,745,746
698,700,798,796,699,749,797,747,748
700,702,800,798,701,751,799,749,750
702,704,802,800,703,753,801,751,752
704,706,804,802,705,755,803,753,754
706,708,806,804,707,757,805,755,756
708,710,808,806,709,759,807,757,758
710,712,810,808,711,761,809,759,760
712,714,812,810,713,763,811,761,762
714,716,814,812,715,765,813,763,764
716,718,816,814,717,767,815,765,766
718,720,818,816,719,769,817,767,768
720,722,820,818,721,771,819,769,770
722,724,822,820,723,773,821,771,772
724,726,824,822,725,775,823,773,774
726,728,826,824,727,777,825,775,776
728,730,828,826,729,779,827,777,778
730,732,830,828,731,781,829,779,780
732,734,832,830,733,783,831,781,782
784,786,884,882,785,835,883,833,834
786,788,886,884,787,837,885,835,836
788,790,888,886,789,839,887,837,838
790,792,890,888,791,841,889,839,840
792,794,892,890,793,843,891,841,842
794,796,894,892,795,845,893,843,844
796,798,896,894,797,847,895,845,846
798,800,898,896,799,849,897,847,848
800,802,900,898,801,851,899,849,850
802,804,902,900,803,853,901,851,852
804,806,904,902,805,855,903,853,854
806,808,906,904,807,857,905,855,856
808,810,908,906,809,859,907,857,858
810,812,910,908,811,861,909,859,860
812,814,912,910,813,863,911,861,862
814,816,914,912,815,865,913,863,864
816,818,916,914,817,867,915,865,866
818,820,918,916,819,869,917,867,868
820,822,920,918,821,871,919,869,870
822,824,922,920,823,873,921,871,872
824,826,924,922,825,875,923,873,874
826,828,926,924,827,877,925,875,876
828,830,928,926,829,879,927,877,878
830,832,930,928,831,881,929,879,880
882,884,982,980,883,933,981,931,932
884,886,984,982,885,935,983,933,934
886,888,986,984,887,937,985,935,936
888,890,988,986,889,939,987,937,938
890,892,990,988,891,941,989,939,940
892,894,992,990,893,943,991,941,942
894,896,994,992,895,945,993,943,944
896,898,996,994,897,947,995,945,946
898,900,998,996,899,949,997,947,948
900,902,1000,998,901,951,999,949,950
902,904,1002,1000,903,953,1001,951,952
904,906,1004,1002,905,955,1003,953,954
906,908,1006,1004,907,957,1005,955,956
908,910,1008,1006,909,959,1007,957,958
910,912,1010,1008,911,961,1009,959,960
912,914,1012,1010,913,963,1011,961,962
914,916,1014,1012,915,965,1013,963,964
916,918,1016,1014,917,967,1015,965,966
918,920,1018,1016,919,969,1017,967,968
920,922,1020,1018,921,971,1019,969,970
922,924,1022,1020,923,973,1021,971,972
924,926,1024,1022,925,975,1023,973,974
926,928,1026,1024,927,977,1025,975,976
928,930,1028,1026,929,979,1027,977,978
980,982,1080,1078,981,1031,1079,1029,1030
982,984,1082,1080,983,1033,1081,1031,1032
984,986,1084,1082,985,1035,1083,1033,1034
986,988,1086,1084,987,1037,1085,1035,1036
988,990,1088,1086,989,1039,1087,1037,1038
990,992,1090,1088,991,1041,1089,1039,1040
992,994,1092,1090,993,1043,1091,1041,1042
994,996,1094,1092,995,1045,1093,1043,1044
996,998,1096,1094,997,1047,1095,1045,1046
998,1000,1098,1096,999,1049,1097,1047,1048
1000,1002,1100,1098,1001,1051,1099,1049,1050
1002,1004,1102,1100,1003,1053,1101,1051,1052
1004,1006,1104,1102,1005,1055,1103,1053,1054
1006,1008,1106,1104,1007,1057,1105,1055,1056
1008,1010,1108,1106,1009,1059,1107,1057,1058
1010,1012,1110,1108,1011,1061,1109,1059,1060
1012,1014,1112,1110,1013,1063,1111,1061,1062
1014,1016,1114,1112,1015,1065,1113,1063,1064
1016,1018,1116,1114,1017,1067,1115,1065,1066
1018,1020,1118,1116,1019,1069,1117,1067,1068
1020,1022,1120,1118,1021,1071,1119,1069,1070
1022,1024,1122,1120,1023,1073,1121,1071,1072
1024,1026,1124,1122,1025,1075,1123,1073,1074
1026,1028,1126,1124,1027,1077,1125,1075,1076
1078,1080,1178,1176,1079,1129,1177,1127,1128
1080,1082,1180,1178,1081,1131,1179,1129,1130
1082,1084,1182,1180,1083,1133,1181,1131,1132
1084,1086,1184,1182,1085,1135,1183,1133,1134
1086,1088,1186,1184,1087,1137,1185,1135,1136
1088,1090,1188,1186,1089,1139,1187,1137,1138
1090,1092,1190,1188,1091,1141,1189,1139,1140
1092,1094,1192,1190,1093,1143,1191,1141,1142
1094,1096,1194,1192,1095,1145,1193,1143,1144
1096,1098,1196,1194,1097,1147,1195,1145,1146
1098,1100,1198,1196,1099,1149,1197,1147,1148
1100,1102,1200,1198,1101,1151,1199,1149,1150
1102,1104,1202,1200,1103,1153,1201,1151,1152
1104,1106,1204,1202,1105,1155,1203,1153,1154
1106,1108,1206,1204,1107,1157,1205,1155,1156
1108,1110,1208,1206,1109,1159,1207,1157,1158
1110,1112,1210,1208,1111,1161,1209,1159,1160
1112,1114,1212,1210,1113,1163,1211,1161,1162
1114,1116,1214,1212,1115,1165,1213,1163,1164
1116,1118,1216,1214,1117,1167,1215,1165,1166
1118,1120,1218,1216,1119,1169,1217,1167,1168
1120,1122,1220,1218,1121,1171,1219,1169,1170
1122,1124,1222,1220,1123,1173,1221,1171,1172
1124,1126,1224,1222,1125,1175,1223,1173,1174
1176,1178,1276,1274,1177,1227,1275,1225,1226
1178,1180,1278,1276,1179,1229,1277,1227,1228
1180,1182,1280,1278,1181,1231,1279,1229,1230
1182,1184,1282,1280,1183,1233,1281,1231,1232
1184,1186,1284,1282,1185,1235,1283,1233,1234
1186,1188,1286,1284,1187,1237,1285,1235,1236
1188,1190,1288,1286,1189,1239,1287,1237,1238
1190,1192,1290,1288,1191,1241,1289,1239,1240
1192,1194,1292,1290,1193,1243,1291,1241,1242
1194,1196,1294,1292,1195,1245,1293,1243,1244
1196,1198,1296,1294,1197,1247,1295,1245,1246
1198,1200,1298,1296,1199,1249,1297,1247,1248
1200,1202,1300,1298,1201,1251,1299,1249,1250
1202,1204,1302,1300,1203,1253,1301,1251,1252
1204,1206,1304,1302,1205,1255,1303,1253,1254
1206,1208,1306,1304,1207,1257,1305,1255,1256
1208,1210,1308,1306,1209,1259,1307,1257,1258
1210,1212,1310,1308,1211,1261,1309,1259,1260
1212,1214,1312,1310,1213,1263,1311,1261,1262
1214,1216,1314,1312,1215,1265,1313,1263,1264
1216,1218,1316,1314,1217,1267,1315,1265,1266
1218,1220,1318,1316,1219,1269,1317,1267,1268
1220,1222,1320,1318,1221,1271,1319,1269,1270
1222,1224,1322,1320,1223,1273,1321,1271,1272
1274,1276,1374,1372,1275,1325,1373,1323,1324
1276,1278,1376,1374,1277,1327,1375,1325,1326
1278,1280,1378,1376,1279,1329,1377,1327,1328
1280,1282,1380,1378,1281,1331,1379,1329,1330
1282,1284,1382,1380,1283,1333,1381,1331,1332
1284,1286,1384,1382,1285,1335,1383,1333,1334
1286,1288,1386,1384,1287,1337,1385,1335,1336
1288,1290,1388,1386,1289,1339,1387,1337,1338
1290,1292,1390,1388,1291,1341,1389,1339,1340
1292,1294,1392,1390,1293,1343,1391,1341,1342
1294,1296,1394,1392,1295,1345,1393,1343,1344
1296,1298,1396,1394,1297,1347,1395,1345,1346
1298,1300,1398,1396,1299,1349,1397,1347,1348
1300,1302,1400,1398,1301,1351,1399,1349,1350
1302,1304,1402,1400,1303,1353,1401,1351,1352
1304,1306,1404,1402,1305,1355,1403,1353,1354
1306,1308,1406,1404,1307,1357,1405,1355,1356
1308,1310,1408,1406,1309,1359,1407,1357,1358
1310,1312,1410,1408,1311,1361,1409,1359,1360
1312,1314,1412,1410,1313,1363,1411,1361,1362
1314,1316,1414,1412,1315,1365,1413,1363,1364
1316,1318,1416,1414,1317,1367,1415,1365,1366
1318,1320,1418,1416,1319,1369,1417,1367,1368
1320,1322,1420,1418,1321,1371,1419,1369,1370
1372,1374,1472,1470,1373,1423,1471,1421,1422
1374,1376,1474,1472,1375,1425,1473,1423,1424
1376,1378,1476,1474,1377,1427,1475,1425,1426
1378,1380,1478,1476,1379,1429,1477,1427,1428
1380,1382,1480,1478,1381,1431,1479,1429,1430
1382,1384,1482,1480,1383,1433,1481,1431,1432
1384,1386,1484,1482,1385,1435,1483,1433,1434
1386,1388,1486,1484,1387,1437,1485,1435,1436
1388,1390,1488,1486,1389,1439,1487,1437,1438
1390,1392,1490,1488,1391,1441,1489,1439,1440
1392,1394,1492,1490,1393,1443,1491,1441,1442
1394,1396,1494,1492,1395,1445,1493,1443,1444
1396,1398,1496,1494,1397,1447,1495,1445,1446
1398,1400,1498,1496,1399,1449,1497,1447,1448
1400,1402,1500,1498,1401,1451,1499,1449,1450
1402,1404,1502,1500,1403,1453,1501,1451,1452
1404,1406,1504,1502,1405,1455,1503,1453,1454
1406,1408,1506,1504,1407,1457,1505,1455,1456
1408,1410,1508,1506,1409,1459,1507,1457,1458
1410,1412,1510,1508,1411,1461,1509,1459,1460
1412,1414,1512,1510,1413,1463,1511,1461,1462
1414,1416,1514,1512,1415,1465,1513,1463,1464
1416,1418,1516,1514,1417,1467,1515,1465,1466
1418,1420,1518,1516,1419,1469,1517,1467,1468
1470,1472,1570,1568,1471,1521,1569,1519,1520
1472,1474,1572,1570,1473,1523,1571,1521,1522
1474,1476,1574,1572,1475,1525,1573,1523,1524
1476,1478,1576,1574,1477,1527,1575,1525,1526
1478,1480,1578,1576,1479,1529,1577,1527,1528
1480,1482,1580,1578,1481,1531,1579,1529,1530
1482,1484,1582,1580,1483,1533,1581,1531,1532
1484,1486,1584,1582,1485,1535,1583,1533,1534
1486,1488,1586,1584,1487,1537,1585,1535,1536
1488,1490,1588,1586,1489,1539,1587,1537,1538
1490,1492,1590,1588,1491,1541,1589,1539,1540
1492,1494,1592,1590,1493,1543,1591,1541,1542
1494,1496,1594,1592,1495,1545,1593,1543,1544
1496,1498,1596,1594,1497,1547,1595,1545,1546
1498,1500,1598,1596,1499,1549,1597,1547,1548
1500,1502,1600,1598,1501,1551,1599,1549,1550
1502,1504,1602,1600,1503,1553,1601,1551,1552
1504,1506,1604,1602,1505,1555,1603,1553,1554
1506,1508,1606,1604,1507,1557,1605,1555,1556
1508,1510,1608,1606,1509,1559,1607,1557,1558
1510,1512,1610,1608,1511,1561,1609,1559,1560
1512,1514,1612,1610,1513,1563,1611,1561,1562
1514,1516,1614,1612,1515,1565,1613,1563,1564
1516,1518,1616,1614,1517,1567,1615,1565,1566
1568,1570,1668,1666,1569,1619,1667,1617,1618
1570,1572,1670,1668,1571,1621,1669,1619,1620
1572,1574,1672,1670,1573,1623,1671,1621,1622
1574,1576,1674,1672,1575,1625,1673,1623,1624
1576,1578,1676,1674,1577,1627,1675,1625,1626
1578,1580,1678,1676,1579,1629,1677,1627,1628
1580,1582,1680,1678,1581,1631,1679,1629,1630
1582,1584,1682,1680,1583,1633,1681,1631,1632
1584,1586,1684,1682,1585,1635,1683,1633,1634
1586,1588,1686,1684,1587,1637,1685,1635,1636
1588,1590,1688,1686,1589,1639,1687,1637,1638
1590,1592,1690,1688,1591,1641,1689,1639,1640
1592,1594,1692,1690,1593,1643,1691,1641,1642
1594,1596,1694,1692,1595,1645,1693,1643,1644
1596,1598,1696,1694,1597,1647,1695,1645,1646
1598,1600,1698,1696,1599,1649,1697,1647,1648
1600,1602,1700,1698,1601,1651,1699,1649,1650
1602,1604,1702,1700,1603,1653,1701,1651,1652
1604,1606,1704,1702,1605,1655,1703,1653,1654
1606,1608,1706,1704,1607,1657,1705,1655,1656
1608,1610,1708,1706,1609,1659,1707,1657,1658
1610,1612,1710,1708,1611,1661,1709,1659,1660
1612,1614,1712,1710,1613,1663,1711,1661,1662
1614,1616,1714,1712,1615,1665,1713,1663,1664
1666,1668,1766,1764,1667,1717,1765,1715,1716
1668,1670,1768,1766,1669,1719,1767,1717,1718
1670,1672,1770,1768,1671,1721,1769,1719,1720
1672,1674,1772,1770,1673,1723,1771,1721,1722
1674,1676,1774,1772,1675,1725,1773,1723,1724
1676,1678,1776,1774,1677,1727,1775,1725,1726
1678,1680,1778,1776,1679,1729,1777,1727,1728
1680,1682,1780,1778,1681,1731,1779,1729,1730
1682,1684,1782,1780,1683,1733,1781,1731,1732
1684,1686,1784,1782,1685,1735,1783,1733,1734
1686,1688,1786,1784,1687,1737,1785,1735,1736
1688,1690,1788,1786,1689,1739,1787,1737,1738
1690,1692,1790,1788,1691,1741,1789,1739,1740
1692,1694,1792,1790,1693,1743,1791,1741,1742
1694,1696,1794,1792,1695,1745,1793,1743,1744
1696,1698,1796,1794,1697,1747,1795,1745,1746
1698,1700,1798,1796,1699,1749,1797,1747,1748
1700,1702,1800,1798,1701,1751,1799,1749,1750
1702,1704,1802,1800,1703,1753,1801,1751,1752
1704,1706,1804,1802,1705,1755,1803,1753,1754
1706,1708,1806,1804,1707,1757,1805,1755,1756
1708,1710,1808,1806,1709,1759,1807,1757,1758
1710,1712,1810,1808,1711,1761,1809,1759,1760
1712,1714,1812,1810,1713,1763,1811,1761,1762
1764,1766,1864,1862,1765,1815,1863,1813,1814
1766,1768,1866,1864,1767,1817,1865,1815,1816
1768,1770,1868,1866,1769,1819,1867,1817,1818
1770,1772,1870,1868,1771,1821,1869,1819,1820
1772,1774,1872,1870,1773,1823,1871,1821,1822
1774,1776,1874,1872,1775,1825,1873,1823,1824
1776,1778,1876,1874,1777,1827,1875,1825,1826
1778,1780,1878,1876,1779,1829,1877,1827,1828
1780,1782,1880,1878,1781,1831,1879,1829,1830
1782,1784,1882,1880,1783,1833,1881,1831,1832
1784,1786,1884,1882,1785,1835,1883,1833,1834
1786,1788,1886,1884,1787,1837,1885,1835,1836
1788,1790,1888,1886,1789,1839,1887,1837,1838
1790,1792,1890,1888,1791,1841,1889,1839,1840
1792,1794,1892,1890,1793,1843,1891,1841,1842
1794,1796,1894,1892,1795,1845,1893,1843,1844
1796,1798,1896,1894,1797,1847,1895,1845,1846
1798,1800,1898,1896,1799,1849,1897,1847,1848
1800,1802,1900,1898,1801,1851,1899,1849,1850
1802,1804,1902,1900,1803,1853,1901,1851,1852
1804,1806,1904,1902,1805,1855,1903,1853,1854
1806,1808,1906,1904,1807,1857,1905,1855,1856
1808,1810,1908,1906,1809,1859,1907,1857,1858
1810,1812,1910,1908,1811,1861,1909,1859,1860
1862,1864,1962,1960,1863,1913,1961,1911,1912
1864,1866,1964,1962,1865,1915,1963,1913,1914
1866,1868,1966,1964,1867,1917,1965,1915,1916
1868,1870,1968,1966,1869,1919,1967,1917,1918
1870,1872,1970,1968,1871,1921,1969,1919,1920
1872,1874,1972,1970,1873,1923,1971,1921,1922
1874,1876,1974,1972,1875,1925,1973,1923,1924
1876,1878,1976,1974,1877,1927,1975,1925,1926
1878,1880,1978,1976,1879,1929,1977,1927,1928
1880,1882,1980,1978,1881,1931,1979,1929,1930
1882,1884,1982,1980,1883,1933,1981,1931,1932
1884,1886,1984,1982,1885,1935,1983,1933,1934
1886,1888,1986,1984,1887,1937,1985,1935,1936
1888,1890,1988,1986,1889,1939,1987,1937,1938
1890,1892,1990,1988,1891,1941,1989,1939,1940
1892,1894,1992,1990,1893,1943,1991,1941,1942
1894,1896,1994,1992,1895,1945,1993,1943,1944
1896,1898,1996,1994,1897,1947,1995,1945,1946
1898,1900,1998,1996,1899,1949,1997,1947,1948
1900,1902,2000,1998,1901,1951,1999,1949,1950
1902,1904,2002,2000,1903,1953,2001,1951,1952
1904,1906,2004,2002,1905,1955,2003,1953,1954
1906,1908,2006,2004,1907,1957,2005,1955,1956
1908,1910,2008,2006,1909,1959,2007,1957,1958
1960,1962,2060,2058,1961,2011,2059,2009,2010
1962,1964,2062,2060,1963,2013,2061,2011,2012
1964,1966,2064,2062,1965,2015,2063,2013,2014
1966,1968,2066,2064,1967,2017,2065,2015,2016
1968,1970,2068,2066,1969,2019,2067,2017,2018
1970,1972,2070,2068,1971,2021,2069,2019,2020
1972,1974,2072,2070,1973,2023,2071,2021,2022
1974,1976,2074,2072,1975,2025,2073,2023,2024
1976,1978,2076,2074,1977,2027,2075,2025,2026
1978,1980,2078,2076,1979,2029,2077,2027,2028
1980,1982,2080,2078,1981,2031,2079,2029,2030
1982,1984,2082,2080,1983,2033,2081,2031,2032
1984,1986,2084,2082,1985,2035,2083,2033,2034
1986,1988,2086,2084,1987,2037,2085,2035,2036
1988,1990,2088,2086,1989,2039,2087,2037,2038
1990,1992,2090,2088,1991,2041,2089,2039,2040
1992,1994,2092,2090,1993,2043,2091,2041,2042
1994,1996,2094,2092,1995,2045,2093,2043,2044
1996,1998,2096,2094,1997,2047,2095,2045,2046
1998,2000,2098,2096,1999,2049,2097,2047,2048
2000,2002,2100,2098,2001,2051,2099,2049,2050
2002,2004,2102,2100,2003,2053,2101,2051,2052
2004,2006,2104,2102,2005,2055,2103,2053,2054
2006,2008,2106,2104,2007,2057,2105,2055,2056
2058,2060,2158,2156,2059,2109,2157,2107,2108
2060,2062,2160,2158,2061,2111,2159,2109,2110
2062,2064,2162,2160,2063,2113,2161,2111,2112
2064,2066,2164,2162,2065,2115,2163,2113,2114
2066,2068,2166,2164,2067,2117,2165,2115,2116
2068,2070,2168,2166,2069,2119,2167,2117,2118
2070,2072,2170,2168,2071,2121,2169,2119,2120
2072,2074,2172,2170,2073,2123,2171,2121,2122
2074,2076,2174,2172,2075,2125,2173,2123,2124
2076,2078,2176,2174,2077,2127,2175,2125,2126
2078,2080,2178,2176,2079,2129,2177,2127,2128
2080,2082,2180,2178,2081,2131,2179,2129,2130
2082,2084,2182,2180,2083,2133,2181,2131,2132
2084,2086,2184,2182,2085,2135,2183,2133,2134
2086,2088,2186,2184,2087,2137,2185,2135,2136
2088,2090,2188,2186,2089,2139,2187,2137,2138
2090,2092,2190,2188,2091,2141,2189,2139,2140
2092,2094,2192,2190,2093,2143,2191,2141,2142
2094,2096,2194,2192,2095,2145,2193,2143,2144
2096,2098,2196,2194,2097,2147,2195,2145,2146
2098,2100,2198,2196,2099,2149,2197,2147,2148
2100,2102,2200,2198,2101,2151,2199,2149,2150
2102,2104,2202,2200,2103,2153,2201,2151,2152
2104,2106,2204,2202,2105,2155,2203,2153,2154
2156,2158,2256,2254,2157,2207,2255,2205,2206
2158,2160,2258,2256,2159,2209,2257,2207,2208
2160,2162,2260,2258,2161,2211,2259,2209,2210
2162,2164,2262,2260,2163,2213,2261,2211,2212
2164,2166,2264,2262,2165,2215,2263,2213,2214
2166,2168,2266,2264,2167,2217,2265,2215,2216
2168,2170,2268,2266,2169,2219,2267,2217,2218
2170,2172,2270,2268,2171,2221,2269,2219,2220
2172,2174,2272,2270,2173,2223,2271,2221,2222
2174,2176,2274,2272,2175,2225,2273,2223,2224
2176,2178,2276,2274,2177,2227,2275,2225,2226
2178,2180,2278,2276,2179,2229,2277,2227,2228
2180,2182,2280,2278,2181,2231,2279,2229,2230
2182,2184,2282,2280,2183,2233,2281,2231,2232
2184,2186,2284,2282,2185,2235,2283,2233,2234
2186,2188,2286,2284,2187,2237,2285,2235,2236
2188,2190,2288,2286,2189,2239,2287,2237,2238
2190,2192,2290,2288,2191,2241,2289,2239,2240
2192,2194,2292,2290,2193,2243,2291,2241,2242
2194,2196,2294,2292,2195,2245,2293,2243,2244
2196,2198,2296,2294,2197,2247,2295,2245,2246
2198,2200,2298,2296,2199,2249,2297,2247,2248
2200,2202,2300,2298,2201,2251,2299,2249,2250
2202,2204,2302,2300,2203,2253,2301,2251,2252
2254,2256,2354,2352,2255,2305,2353,2303,2304
2256,2258,2356,2354,2257,2307,2355,2305,2306
2258,2260,2358,2356,2259,2309,2357,2307,2308
2260,2262,2360,2358,2261,2311,2359,2309,2310
2262,2264,2362,2360,2263,2313,2361,2311,2312
2264,2266,2364,2362,2265,2315,2363,2313,2314
2266,2268,2366,2364,2267,2317,2365,2315,2316
2268,2270,2368,2366,2269,2319,2367,2317,2318
2270,2272,2370,2368,2271,2321,2369,2319,2320
2272,2274,2372,2370,2273,2323,2371,2321,2322
2274,2276,2374,2372,2275,2325,2373,2323,2324
2276,2278,2376,2374,2277,2327,2375,2325,2326
2278,2280,2378,2376,2279,2329,2377,2327,2328
2280,2282,2380,2378,2281,2331,2379,2329,2330
2282,2284,2382,2380,2283,2333,2381,2331,2332
2284,2286,2384,2382,2285,2335,2383,2333,2334
2286,2288,2386,2384,2287,2337,2385,2335,2336
2288,2290,2388,2386,2289,2339,2387,2337,2338
2290,2292,2390,2388,2291,2341,2389,2339,2340
2292,2294,2392,2390,2293,2343,2391,2341,2342
2294,2296,2394,2392,2295,2345,2393,2343,2344
2296,2298,2396,2394,2297,2347,2395,2345,2346
2298,2300,2398,2396,2299,2349,2397,2347,2348
2300,2302,2400,2398,2301,2351,2399,2349,2350
2352,2354,2452,2450,2353,2403,2451,2401,2402
2354,2356,2454,2452,2355,2405,2453,2403,2404
2356,2358,2456,2454,2357,2407,2455,2405,2406
2358,2360,2458,2456,2359,2409,2457,2407,2408
2360,2362,2460,2458,2361,2411,2459,2409,2410
2362,2364,2462,2460,2363,2413,2461,2411,2412
2364,2366,2464,2462,2365,2415,2463,2413,2414
2366,2368,2466,2464,2367,2417,2465,2415,2416
2368,2370,2468,2466,2369,2419,2467,2417,2418
2370,2372,2470,2468,2371,2421,2469,2419,2420
2372,2374,2472,2470,2373,2423,2471,2421,2422
2374,2376,2474,2472,2375,2425,2473,2423,2424
2376,2378,2476,2474,2377,2427,2475,2425,2426
2378,2380,2478,2476,2379,2429,2477,2427,2428
2380,2382,2480,2478,2381,2431,2479,2429,2430
2382,2384,2482,2480,2383,2433,2481,2431,2432
2384,2386,2484,2482,2385,2435,2483,2433,2434
2386,2388,2486,2484,2387,2437,2485,2435,2436
2388,2390,2488,2486,2389,2439,2487,2437,2438
2390,2392,2490,2488,2391,2441,2489,2439,2440
2392,2394,2492,2490,2393,2443,2491,2441,2442
2394,2396,2494,2492,2395,2445,2493,2443,2444
2396,2398,2496,2494,2397,2447,2495,2445,2446
2398,2400,2498,2496,2399,2449,2497,2447,2448
2450,2452,2550,2548,2451,2501,2549,2499,2500
2452,2454,2552,2550,2453,2503,2551,2501,2502
2454,2456,2554,2552,2455,2505,2553,2503,2504
2456,2458,2556,2554,2457,2507,2555,2505,2506
2458,2460,2558,2556,2459,2509,2557,2507,2508
2460,2462,2560,2558,2461,2511,2559,2509,2510
2462,2464,2562,2560,2463,2513,2561,2511,2512
2464,2466,2564,2562,2465,2515,2563,2513,2514
2466,2468,2566,2564,2467,2517,2565,2515,2516
2468,2470,2568,2566,2469,2519,2567,2517,2518
2470,2472,2570,2568,2471,2521,2569,2519,2520
2472,2474,2572,2570,2473,2523,2571,2521,2522
2474,2476,2574,2572,2475,2525,2573,2523,2524
2476,2478,2576,2574,2477,2527,2575,2525,2526
2478,2480,2578,2576,2479,2529,2577,2527,2528
2480,2482,2580,2578,2481,2531,2579,2529,2530
2482,2484,2582,2580,2483,2533,2581,2531,2532
2484,2486,2584,2582,2485,2535,2583,2533,2534
2486,2488,2586,2584,2487,2537,2585,2535,2536
2488,2490,2588,2586,2489,2539,2587,2537,2538
2490,2492,2590,2588,2491,2541,2589,2539,2540
2492,2494,2592,2590,2493,2543,2591,2541,2542
2494,2496,2594,2592,2495,2545,2593,2543,2544
2496,2498,2596,2594,2497,2547,2595,2545,2546
2548,2550,2648,2646,2549,2599,2647,2597,2598
2550,2552,2650,2648,2551,2601,2649,2599,2600
2552,2554,2652,2650,2553,2603,2651,2601,2602
2554,2556,2654,2652,2555,2605,2653,2603,2604
2556,2558,2656,2654,2557,2607,2655,2605,2606
2558,2560,2658,2656,2559,2609,2657,2607,2608
2560,2562,2660,2658,2561,2611,2659,2609,2610
2562,2564,2662,2660,2563,2613,2661,2611,2612
2564,2566,2664,2662,2565,2615,2663,2613,2614
2566,2568,2666,2664,2567,2617,2665,2615,2616
2568,2570,2668,2666,2569,2619,2667,2617,2618
2570,2572,2670,2668,2571,2621,2669,2619,2620
2572,2574,2672,2670,2573,2623,2671,2621,2622
2574,2576,2674,2672,2575,2625,2673,2623,2624
2576,2578,2676,2674,2577,2627,2675,2625,2626
2578,2580,2678,2676,2579,2629,2677,2627,2628
2580,2582,2680,2678,2581,2631,2679,2629,2630
2582,2584,2682,2680,2583,2633,2681,2631,2632
2584,2586,2684,2682,2585,2635,2683,2633,2634
2586,2588,2686,2684,2587,2637,2685,2635,2636
2588,2590,2688,2686,2589,2639,2687,2637,2638
2590,2592,2690,2688,2591,2641,2689,2639,2640
2592,2594,2692,2690,2593,2643,2691,2641,2642
2594,2596,2694,2692,2595,2645,2693,2643,2644
2646,2648,2746,2744,2647,2697,2745,2695,2696
2648,2650,2748,2746,2649,2699,2747,2697,2698
2650,2652,2750,2748,2651,2701,2749,2699,2700
2652,2654,2752,2750,2653,2703,2751,2701,2702
2654,2656,2754,2752,2655,2705,2753,2703,2704
2656,2658,2756,2754,2657,2707,2755,2705,2706
2658,2660,2758,2756,2659,2709,2757,2707,2708
2660,2662,2760,2758,2661,2711,2759,2709,2710
2662,2664,2762,2760,2663,2713,2761,2711,2712
2664,2666,2764,2762,2665,2715,2763,2713,2714
2666,2668,2766,2764,2667,2717,2765,2715,2716
2668,2670,2768,2766,2669,2719,2767,2717,2718
2670,2672,2770,2768,2671,2721,2769,2719,2720
2672,2674,2772,2770,2673,2723,2771,2721,2722
2674,2676,2774,2772,2675,2725,2773,2723,2724
2676,2678,2776,2774,2677,2727,2775,2725,2726
2678,2680,2778,2776,2679,2729,2777,2727,2728
2680,2682,2780,2778,2681,2731,2779,2729,2730
2682,2684,2782,2780,2683,2733,2781,2731,2732
2684,2686,2784,2782,2685,2735,2783,2733,2734
2686,2688,2786,2784,2687,2737,2785,2735,2736
2688,2690,2788,2786,2689,2739,2787,2737,2738
2690,2692,2790,2788,2691,2741,2789,2739,2740
2692,2694,2792,2790,2693,2743,2791,2741,2742
2744,2746,2844,2842,2745,2795,2843,2793,2794
2746,2748,2846,2844,2747,2797,2845,2795,2796
2748,2750,2848,2846,2749,2799,2847,2797,2798
2750,2752,2850,2848,2751,2801,2849,2799,2800
2752,2754,2852,2850,2753,2803,2851,2801,2802
2754,2756,2854,2852,2755,2805,2853,2803,2804
2756,2758,2856,2854,2757,2807,2855,2805,2806
2758,2760,2858,2856,2759,2809,2857,2807,2808
2760,2762,2860,2858,2761,2811,2859,2809,2810
2762,2764,2862,2860,2763,2813,2861,2811,2812
2764,2766,2864,2862,2765,2815,2863,2813,2814
2766,2768,2866,2864,2767,2817,2865,2815,2816
2768,2770,2868,2866,2769,2819,2867,2817,2818
2770,2772,2870,2868,2771,2821,2869,2819,2820
2772,2774,2872,2870,2773,2823,2871,2821,2822
2774,2776,2874,2872,2775,2825,2873,2823,2824
2776,2778,2876,2874,2777,2827,2875,2825,2826
2778,2780,2878,2876,2779,2829,2877,2827,2828
2780,2782,2880,2878,2781,2831,2879,2829,2830
2782,2784,2882,2880,2783,2833,2881,2831,2832
2784,2786,2884,2882,2785,2835,2883,2833,2834
2786,2788,2886,2884,2787,2837,2885,2835,2836
2788,2790,2888,2886,2789,2839,2887,2837,2838
2790,2792,2890,2888,2791,2841,2889,2839,2840
2842,2844,2942,2940,2843,2893,2941,2891,2892
2844,2846,2944,2942,2845,2895,2943,2893,2894
2846,2848,2946,2944,2847,2897,2945,2895,2896
2848,2850,2948,2946,2849,2899,2947,2897,2898
2850,2852,2950,2948,2851,2901,2949,2899,2900
2852,2854,2952,2950,2853,2903,2951,2901,2902
2854,2856,2954,2952,2855,2905,2953,2903,2904
2856,2858,2956,2954,2857,2907,2955,2905,2906
2858,2860,2958,2956,2859,2909,2957,2907,2908
2860,2862,2960,2958,2861,2911,2959,2909,2910
2862,2864,2962,2960,2863,2913,2961,2911,2912
2864,2866,2964,2962,2865,2915,2963,2913,2914
2866,2868,2966,2964,2867,2917,2965,2915,2916
2868,2870,2968,2966,2869,2919,2967,2917,2918
2870,2872,2970,2968,2871,2921,2969,2919,2920
2872,2874,2972,2970,2873,2923,2971,2921,2922
2874,2876,2974,2972,2875,2925,2973,2923,2924
2876,2878,2976,2974,2877,2927,2975,2925,2926
2878,2880,2978,2976,2879,2929,2977,2927,2928
2880,2882,2980,2978,2881,2931,2979,2929,2930
2882,2884,2982,2980,2883,2933,2981,2931,2932
2884,2886,2984,2982,2885,2935,2983,2933,2934
2886,2888,2986,2984,2887,2937,2985,2935,2936
2888,2890,2988,2986,2889,2939,2987,2937,2938
2940,2942,3040,3038,2941,2991,3039,2989,2990
2942,2944,3042,3040,2943,2993,3041,2991,2992
2944,2946,3044,3042,2945,2995,3043,2993,2994
2946,2948,3046,3044,2947,2997,3045,2995,2996
2948,2950,3048,3046,2949,2999,3047,2997,2998
2950,2952,3050,3048,2951,3001,3049,2999,3000
2952,2954,3052,3050,2953,3003,3051,3001,3002
2954,2956,3054,3052,2955,3005,3053,3003,3004
2956,2958,3056,3054,2957,3007,3055,3005,3006
2958,2960,3058,3056,2959,3009,3057,3007,3008
2960,2962,3060,3058,2961,3011,3059,3009,3010
2962,2964,3062,3060,2963,3013,3061,3011,3012
2964,2966,3064,3062,2965,3015,3063,3013,3014
2966,2968,3066,3064,2967,3017,3065,3015,3016
2968,2970,3068,3066,2969,3019,3067,3017,3018
2970,2972,3070,3068,2971,3021,3069,3019,3020
2972,2974,3072,3070,2973,3023,3071,3021,3022
2974,2976,3074,3072,2975,3025,3073,3023,3024
2976,2978,3076,3074,2977,3027,3075,3025,3026
2978,2980,3078,3076,2979,3029,3077,3027,3028
2980,2982,3080,3078,2981,3031,3079,3029,3030
2982,2984,3082,3080,2983,3033,3081,3031,3032
2984,2986,3084,3082,2985,3035,3083,3033,3034
2986,2988,3086,3084,2987,3037,3085,3035,3036
3038,3040,3138,3136,3039,3089,3137,3087,3088
3040,3042,3140,3138,3041,3091,3139,3089,3090
3042,3044,3142,3140,3043,3093,3141,3091,3092
3044,3046,3144,3142,3045,3095,3143,3093,3094
3046,3048,3146,3144,3047,3097,3145,3095,3096
3048,3050,3148,3146,3049,3099,3147,3097,3098
3050,3052,3150,3148,3051,3101,3149,3099,3100
3052,3054,3152,3150,3053,3103,3151,3101,3102
3054,3056,3154,3152,3055,3105,3153,3103,3104
3056,3058,3156,3154,3057,3107,3155,3105,3106
3058,3060,3158,3156,3059,3109,3157,3107,3108
3060,3062,3160,3158,3061,3111,3159,3109,3110
3062,3064,3162,3160,3063,3113,3161,3111,3112
3064,3066,3164,3162,3065,3115,3163,3113,3114
3066,3068,3166,3164,3067,3117,3165,3115,3116
3068,3070,3168,3166,3069,3119,3167,3117,3118
3070,3072,3170,3168,3071,3121,3169,3119,3120
3072,3074,3172,3170,3073,3123,3171,3121,3122
3074,3076,3174,3172,3075,3125,3173,3123,3124
3076,3078,3176,3174,3077,3127,3175,3125,3126
3078,3080,3178,3176,3079,3129,3177,3127,3128
3080,3082,3180,3178,3081,3131,3179,3129,3130
3082,3084,3182,3180,3083,3133,3181,3131,3132
3084,3086,3184,3182,3085,3135,3183,3133,3134
3136,3138,3236,3234,3137,3187,3235,3185,3186
3138,3140,3238,3236,3139,3189,3237,3187,3188
3140,3142,3240,3238,3141,3191,3239,3189,3190
3142,3144,3242,3240,3143,3193,3241,3191,3192
3144,3146,3244,3242,3145,3195,3243,3193,3194
3146,3148,3246,3244,3147,3197,3245,3195,3196
3148,3150,3248,3246,3149,3199,3247,3197,3198
3150,3152,3250,3248,3151,3201,3249,3199,3200
3152,3154,3252,3250,3153,3203,3251,3201,3202
3154,3156,3254,3252,3155,3205,3253,3203,3204
3156,3158,3256,3254,3157,3207,3255,3205,3206
3158,3160,3258,3256,3159,3209,3257,3207,3208
3160,3162,3260,3258,3161,3211,3259,3209,3210
3162,3164,3262,3260,3163,3213,3261,3211,3212
3164,3166,3264,3262,3165,3215,3263,3213,3214
3166,3168,3266,3264,3167,3217,3265,3215,3216
3168,3170,3268,3266,3169,3219,3267,3217,3218
3170,3172,3270,3268,3171,3221,3269,3219,3220
3172,3174,3272,3270,3173,3223,3271,3221,3222
3174,3176,3274,3272,3175,3225,3273,3223,3224
3176,3178,3276,3274,3177,3227,3275,3225,3226
3178,3180,3278,3276,3179,3229,3277,3227,3228
3180,3182,3280,3278,3181,3231,3279,3229,3230
3182,3184,3282,3280,3183,3233,3281,3231,3232
