0.0000000000,0.1201423687
0.0000000000,0.1070795304
0.0000000000,0.0291778156
0.0000000000,-0.0644954271
0.0000000000,-0.1196835631
0.0000000000,-0.1151468226
0.0000000000,-0.0592836066
0.0000000000,0.0209869511
0.0000000000,0.0889386982
0.0000000000,0.1236387264
0.0000000000,0.1154751890
0.0000000000,0.0710448616
0.0000000000,0.0086322015
0.0000000000,-0.0554433974
0.0000000000,-0.1022992930
0.0000000000,-0.1244640144
0.0000000000,-0.1185861818
0.0000000000,-0.0883719622
0.0000000000,-0.0431932492
0.0000000000,0.0092979046
0.0000000000,0.0574383358
0.0000000000,0.0961431620
0.0000000000,0.1189986887
0.0000000000,0.1253428200
0.0000000000,0.1156244681
0.0000000000,0.0920872009
0.0000000000,0.0596728466
0.0000000000,0.0212108973
0.0000000000,-0.0172525213
0.0000000000,-0.0538275892
0.0000000000,-0.0838730934
0.0000000000,-0.1068394740
0.0000000000,-0.1205625752
0.0000000000,-0.1254811696
0.0000000000,-0.1218139404
0.0000000000,-0.1103891641
0.0000000000,-0.0930868539
0.0000000000,-0.0706263160
0.0000000000,-0.0456718273
0.0000000000,-0.0185718728
0.0000000000,0.0079696091
0.0000000000,0.0340129772
0.0000000000,0.0573108596
0.0000000000,0.0782262377
0.0000000000,0.0952142952
0.0000000000,0.1087768592
0.0000000000,0.1181214415
0.0000000000,0.1237317470
0.0000000000,0.1254901961
0.0000000000,0.1114544759
0.0000000000,0.0343525549
0.0000000000,-0.0586655855
0.0000000000,-0.1185811532
0.0000000000,-0.1169862179
0.0000000000,-0.0610347822
0.0000000000,0.0177198234
0.0000000000,0.0884094205
0.0000000000,0.1232750537
0.0000000000,0.1153669868
0.0000000000,0.0718442857
0.0000000000,0.0075221995
0.0000000000,-0.0553558310
0.0000000000,-0.1033268490
0.0000000000,-0.1245419928
0.0000000000,-0.1177999322
0.0000000000,-0.0875061590
0.0000000000,-0.0405740268
0.0000000000,0.0109869387
0.0000000000,0.0601975996
0.0000000000,0.0974684373
0.0000000000,0.1200315838
0.0000000000,0.1252041163
0.0000000000,0.1141811251
0.0000000000,0.0902760459
0.0000000000,0.0563580263
0.0000000000,0.0184225012
0.0000000000,-0.0210459473
0.0000000000,-0.0564899073
0.0000000000,-0.0867328894
0.0000000000,-0.1084148824
0.0000000000,-0.1215933863
0.0000000000,-0.1254796654
0.0000000000,-0.1208100096
0.0000000000,-0.1088469142
0.0000000000,-0.0904201732
0.0000000000,-0.0679724053
0.0000000000,-0.0420456557
0.0000000000,-0.0154231829
0.0000000000,0.0117737691
0.0000000000,0.0370398402
0.0000000000,0.0606204089
0.0000000000,0.0806417486
0.0000000000,0.0975656964
0.0000000000,0.1102766219
0.0000000000,0.1192845610
0.0000000000,0.1241993037
0.0000000000,0.1254414460
0.0000000000,0.1232224248
0.0000000000,0.0398123540
0.0000000000,-0.0565741168
0.0000000000,-0.1173021940
0.0000000000,-0.1172561714
0.0000000000,-0.0628848566
0.0000000000,0.0182661545
0.0000000000,0.0878421882
0.0000000000,0.1235657956
0.0000000000,0.1152512206
0.0000000000,0.0698142657
0.0000000000,0.0063411839
0.0000000000,-0.0581553696
0.0000000000,-0.1043956253
0.0000000000,-0.1249395641
0.0000000000,-0.1169201950
0.0000000000,-0.0845252647
0.0000000000,-0.0377728799
0.0000000000,0.0153758384
0.0000000000,0.0630830624
0.0000000000,0.1003295401
0.0000000000,0.1210306879
0.0000000000,0.1247869351
0.0000000000,0.1125500804
0.0000000000,0.0867858009
0.0000000000,0.0527937284
0.0000000000,0.0134760109
0.0000000000,-0.0250391723
0.0000000000,-0.0609163920
0.0000000000,-0.0896669979
0.0000000000,-0.1108450708
0.0000000000,-0.1225537805
0.0000000000,-0.1253174697
0.0000000000,-0.1196200043
0.0000000000,-0.1063267842
0.0000000000,-0.0875070782
0.0000000000,-0.0638714982
0.0000000000,-0.0381719328
0.0000000000,-0.0107220836
0.0000000000,0.0157789696
0.0000000000,0.0414304223
0.0000000000,0.0640553813
0.0000000000,0.0840439152
0.0000000000,0.0999565859
0.0000000000,0.1123034608
0.0000000000,0.1204059820
0.0000000000,0.1247375238
0.0000000000,0.1252844037
0.0000000000,0.1223730424
0.0000000000,0.1165010739
0.0000000000,-0.0543174790
0.0000000000,-0.1175282947
0.0000000000,-0.1175396434
0.0000000000,-0.0611396203
0.0000000000,0.0188482568
0.0000000000,0.0900286966
0.0000000000,0.1238531611
0.0000000000,0.1136253291
0.0000000000,0.0676243754
0.0000000000,0.0017009801
0.0000000000,-0.0610924211
0.0000000000,-0.1071729963
0.0000000000,-0.1252445203
0.0000000000,-0.1147865339
0.0000000000,-0.0812615653
0.0000000000,-0.0321566408
0.0000000000,0.0200122576
0.0000000000,0.0682364673
0.0000000000,0.1032132365
0.0000000000,0.1225151858
0.0000000000,0.1241441104
0.0000000000,0.1096512113
0.0000000000,0.0829426549
0.0000000000,0.0470517603
0.0000000000,0.0082154690
0.0000000000,-0.0311163511
0.0000000000,-0.0654952917
0.0000000000,-0.0938795276
0.0000000000,-0.1132245209
0.0000000000,-0.1237196022
0.0000000000,-0.1249330974
0.0000000000,-0.1176739098
0.0000000000,-0.1034868459
0.0000000000,-0.0832078062
0.0000000000,-0.0594359524
0.0000000000,-0.0326750299
0.0000000000,-0.0057398840
0.0000000000,0.0213009597
0.0000000000,0.0460056181
0.0000000000,0.0686626106
0.0000000000,0.0875176147
0.0000000000,0.1030532390
0.0000000000,0.1142934705
0.0000000000,0.1217444230
0.0000000000,0.1251492624
0.0000000000,0.1249046760
0.0000000000,0.1213331210
0.0000000000,0.1146434128
0.0000000000,0.1055690708
0.0000000000,-0.1177664893
0.0000000000,-0.1162169656
0.0000000000,-0.0592597190
0.0000000000,0.0235463075
0.0000000000,0.0922994024
0.0000000000,0.1246366291
0.0000000000,0.1117687508
0.0000000000,0.0622159154
0.0000000000,-0.0032397851
0.0000000000,-0.0669619793
0.0000000000,-0.1099271141
0.0000000000,-0.1254884547
0.0000000000,-0.1122724992
0.0000000000,-0.0754491550
0.0000000000,-0.0261168509
0.0000000000,0.0274760538
0.0000000000,0.0735314809
0.0000000000,0.1073873679
0.0000000000,0.1237653443
0.0000000000,0.1227861131
0.0000000000,0.1062826741
0.0000000000,0.0770370515
0.0000000000,0.0408415987
0.0000000000,0.0006281655
0.0000000000,-0.0374670217
0.0000000000,-0.0717594920
0.0000000000,-0.0980897436
0.0000000000,-0.1161976642
0.0000000000,-0.1246352010
0.0000000000,-0.1240512430
0.0000000000,-0.1153245270
0.0000000000,-0.0993560597
0.0000000000,-0.0784657773
0.0000000000,-0.0533307752
0.0000000000,-0.0267928465
0.0000000000,0.0008991310
0.0000000000,0.0270878731
0.0000000000,0.0519344028
0.0000000000,0.0733880592
0.0000000000,0.0918767350
0.0000000000,0.1061250333
0.0000000000,0.1166499661
0.0000000000,0.1229384089
0.0000000000,0.1254432991
0.0000000000,0.1242942836
0.0000000000,0.1197789342
0.0000000000,0.1125042954
0.0000000000,0.1025469810
0.0000000000,0.0908215264
0.0000000000,-0.1146959768
0.0000000000,-0.0533348605
0.0000000000,0.0285227887
0.0000000000,0.0972294955
0.0000000000,0.1251939761
0.0000000000,0.1078073479
0.0000000000,0.0562816461
0.0000000000,-0.0118999541
0.0000000000,-0.0729906798
0.0000000000,-0.1139860940
0.0000000000,-0.1252957126
0.0000000000,-0.1078548608
0.0000000000,-0.0689825149
0.0000000000,-0.0169289124
0.0000000000,0.0352905434
0.0000000000,0.0809020056
0.0000000000,0.1113763612
0.0000000000,0.1249625380
0.0000000000,0.1208409466
0.0000000000,0.1010938601
0.0000000000,0.0704641710
0.0000000000,0.0321431625
0.0000000000,-0.0074114169
0.0000000000,-0.0458847384
0.0000000000,-0.0781136148
0.0000000000,-0.1032950708
0.0000000000,-0.1189100828
0.0000000000,-0.1253401487
0.0000000000,-0.1226748885
0.0000000000,-0.1118063709
0.0000000000,-0.0946500546
0.0000000000,-0.0720255457
0.0000000000,-0.0467057192
0.0000000000,-0.0191222733
0.0000000000,0.0079112403
0.0000000000,0.0344078641
0.0000000000,0.0580481897
0.0000000000,0.0791798269
0.0000000000,0.0962334269
0.0000000000,0.1097143292
0.0000000000,0.1188454384
0.0000000000,0.1241199648
0.0000000000,0.1254608734
0.0000000000,0.1232256315
0.0000000000,0.1178792909
0.0000000000,0.1095775043
0.0000000000,0.0991528423
0.0000000000,0.0865445037
0.0000000000,0.0727914553
0.0000000000,-0.0468402976
0.0000000000,0.0378036074
0.0000000000,0.1021051624
0.0000000000,0.1254791975
0.0000000000,0.1030780256
0.0000000000,0.0464862538
0.0000000000,-0.0210610762
0.0000000000,-0.0816727905
0.0000000000,-0.1176602716
0.0000000000,-0.1241754644
0.0000000000,-0.1025194168
0.0000000000,-0.0593237629
0.0000000000,-0.0070645552
0.0000000000,0.0458954874
0.0000000000,0.0882354558
0.0000000000,0.1160524824
0.0000000000,0.1254796919
0.0000000000,0.1174308626
0.0000000000,0.0949947595
0.0000000000,0.0613185959
0.0000000000,0.0227403426
0.0000000000,-0.0178743563
0.0000000000,-0.0545480527
0.0000000000,-0.0858740086
0.0000000000,-0.1082610505
0.0000000000,-0.1217206589
0.0000000000,-0.1254571589
0.0000000000,-0.1202703146
0.0000000000,-0.1075538880
0.0000000000,-0.0882263905
0.0000000000,-0.0648934879
0.0000000000,-0.0381615394
0.0000000000,-0.0109343664
0.0000000000,0.0166393202
0.0000000000,0.0420067723
0.0000000000,0.0654128099
0.0000000000,0.0850066589
0.0000000000,0.1012598357
0.0000000000,0.1131293510
0.0000000000,0.1211315558
0.0000000000,0.1249731982
0.0000000000,0.1250708933
0.0000000000,0.1217352422
0.0000000000,0.1151960165
0.0000000000,0.1061912441
0.0000000000,0.0947326765
0.0000000000,0.0818154847
0.0000000000,0.0672455201
0.0000000000,0.0521305114
0.0000000000,0.0474727742
0.0000000000,0.1089140404
0.0000000000,0.1248542532
0.0000000000,0.0950948672
0.0000000000,0.0356693512
0.0000000000,-0.0340195968
0.0000000000,-0.0902252384
0.0000000000,-0.1216381476
0.0000000000,-0.1218990451
0.0000000000,-0.0942373831
0.0000000000,-0.0485322181
0.0000000000,0.0062019906
0.0000000000,0.0567611105
0.0000000000,0.0970510106
0.0000000000,0.1200219822
0.0000000000,0.1249871165
0.0000000000,0.1128351357
0.0000000000,0.0863055682
0.0000000000,0.0511294330
0.0000000000,0.0105750605
0.0000000000,-0.0288255970
0.0000000000,-0.0650426974
0.0000000000,-0.0934681294
0.0000000000,-0.1136541959
0.0000000000,-0.1238572481
0.0000000000,-0.1246977198
0.0000000000,-0.1169450997
0.0000000000,-0.1015630305
0.0000000000,-0.0808943959
0.0000000000,-0.0557018780
0.0000000000,-0.0289101019
0.0000000000,-0.0008358707
0.0000000000,0.0257760784
0.0000000000,0.0510494850
0.0000000000,0.0728710256
0.0000000000,0.0916578044
0.0000000000,0.1061047614
0.0000000000,0.1167340066
0.0000000000,0.1230312740
0.0000000000,0.1254602909
0.0000000000,0.1241683910
0.0000000000,0.1194528066
0.0000000000,0.1119470562
0.0000000000,0.1017331717
0.0000000000,0.0897529806
0.0000000000,0.0758735073
0.0000000000,0.0611891775
0.0000000000,0.0453851344
0.0000000000,0.0295854350
0.0000000000,0.1149712037
0.0000000000,0.1223227262
0.0000000000,0.0854443753
0.0000000000,0.0202745219
0.0000000000,-0.0474125191
0.0000000000,-0.1004856479
0.0000000000,-0.1243526088
0.0000000000,-0.1172101818
0.0000000000,-0.0842504587
0.0000000000,-0.0338463773
0.0000000000,0.0202300778
0.0000000000,0.0699510412
0.0000000000,0.1052590578
0.0000000000,0.1235314222
0.0000000000,0.1230278850
0.0000000000,0.1056876060
0.0000000000,0.0761380701
0.0000000000,0.0378401925
0.0000000000,-0.0024344116
0.0000000000,-0.0420600727
0.0000000000,-0.0755212869
0.0000000000,-0.1018432128
0.0000000000,-0.1183091259
0.0000000000,-0.1252756698
0.0000000000,-0.1228059411
0.0000000000,-0.1118484113
0.0000000000,-0.0943956424
0.0000000000,-0.0713395152
0.0000000000,-0.0455564698
0.0000000000,-0.0175302202
0.0000000000,0.0098473372
0.0000000000,0.0365656204
0.0000000000,0.0602727590
0.0000000000,0.0813134629
0.0000000000,0.0981298353
0.0000000000,0.1112330550
0.0000000000,0.1198879921
0.0000000000,0.1245928587
0.0000000000,0.1253270288
0.0000000000,0.1224472212
0.0000000000,0.1164756613
0.0000000000,0.1075607797
0.0000000000,0.0965837781
0.0000000000,0.0834720732
0.0000000000,0.0692998277
0.0000000000,0.0537991630
0.0000000000,0.0381030898
0.0000000000,0.0217960152
0.0000000000,0.0059710639
0.0000000000,0.1175290067
0.0000000000,0.0709258551
0.0000000000,0.0034958246
0.0000000000,-0.0640197203
0.0000000000,-0.1096612183
0.0000000000,-0.1254815327
0.0000000000,-0.1101906475
0.0000000000,-0.0700049331
0.0000000000,-0.0176514463
0.0000000000,0.0374821263
0.0000000000,0.0828335502
0.0000000000,0.1136610083
0.0000000000,0.1253329451
0.0000000000,0.1186041070
0.0000000000,0.0965323650
0.0000000000,0.0625136415
0.0000000000,0.0232110278
0.0000000000,-0.0182278446
0.0000000000,-0.0555364832
0.0000000000,-0.0871717741
0.0000000000,-0.1094572226
0.0000000000,-0.1224098896
0.0000000000,-0.1253292495
0.0000000000,-0.1190861545
0.0000000000,-0.1052484347
0.0000000000,-0.0848035403
0.0000000000,-0.0605154904
0.0000000000,-0.0330268129
0.0000000000,-0.0053311988
0.0000000000,0.0224186793
0.0000000000,0.0476598804
0.0000000000,0.0706502162
0.0000000000,0.0895929473
0.0000000000,0.1049732446
0.0000000000,0.1158402229
0.0000000000,0.1227141122
0.0000000000,0.1254061338
0.0000000000,0.1243237079
0.0000000000,0.1198746849
0.0000000000,0.1122686686
0.0000000000,0.1023217436
0.0000000000,0.0900194096
0.0000000000,0.0764105170
0.0000000000,0.0612740074
0.0000000000,0.0457467092
0.0000000000,0.0294450540
0.0000000000,0.0134852732
0.0000000000,-0.0026233207
0.0000000000,-0.0178591170
0.0000000000,0.0537014271
0.0000000000,-0.0180469405
0.0000000000,-0.0801931303
0.0000000000,-0.1183987700
0.0000000000,-0.1237245233
0.0000000000,-0.0986915144
0.0000000000,-0.0532388102
0.0000000000,0.0027494683
0.0000000000,0.0550130154
0.0000000000,0.0966982354
0.0000000000,0.1202192641
0.0000000000,0.1248101668
0.0000000000,0.1115620382
0.0000000000,0.0835218294
0.0000000000,0.0468889048
0.0000000000,0.0052180679
0.0000000000,-0.0346637949
0.0000000000,-0.0706336347
0.0000000000,-0.0981040829
0.0000000000,-0.1166907563
0.0000000000,-0.1248997335
0.0000000000,-0.1234643930
0.0000000000,-0.1134710605
0.0000000000,-0.0959656405
0.0000000000,-0.0735446122
0.0000000000,-0.0469955843
0.0000000000,-0.0193714168
0.0000000000,0.0090307996
0.0000000000,0.0354660086
0.0000000000,0.0600947373
0.0000000000,0.0808992457
0.0000000000,0.0983260769
0.0000000000,0.1112184952
0.0000000000,0.1201072067
0.0000000000,0.1246398559
0.0000000000,0.1252655239
0.0000000000,0.1222787655
0.0000000000,0.1159441128
0.0000000000,0.1070113228
0.0000000000,0.0955202712
0.0000000000,0.0824917901
0.0000000000,0.0677500101
0.0000000000,0.0524319244
0.0000000000,0.0361859478
0.0000000000,0.0201472187
0.0000000000,0.0038431971
0.0000000000,-0.0116746460
0.0000000000,-0.0269427336
0.0000000000,-0.0410438228
0.0000000000,-0.0404590028
0.0000000000,-0.0974586181
0.0000000000,-0.1239577562
0.0000000000,-0.1174523360
0.0000000000,-0.0834229852
0.0000000000,-0.0311717639
0.0000000000,0.0243870331
0.0000000000,0.0745004177
0.0000000000,0.1087737197
0.0000000000,0.1246661926
0.0000000000,0.1210055523
0.0000000000,0.1002045842
0.0000000000,0.0676650204
0.0000000000,0.0272042195
0.0000000000,-0.0139982617
0.0000000000,-0.0532562486
0.0000000000,-0.0851495074
0.0000000000,-0.1088480697
0.0000000000,-0.1220627492
0.0000000000,-0.1253368560
0.0000000000,-0.1192397187
0.0000000000,-0.1048386351
0.0000000000,-0.0845207551
0.0000000000,-0.0592012722
0.0000000000,-0.0319557463
0.0000000000,-0.0032230487
0.0000000000,0.0240978870
0.0000000000,0.0500644097
0.0000000000,0.0724583862
0.0000000000,0.0916782950
0.0000000000,0.1063759681
0.0000000000,0.1170827042
0.0000000000,0.1232921047
0.0000000000,0.1254861843
0.0000000000,0.1238518417
0.0000000000,0.1187016293
0.0000000000,0.1107214880
0.0000000000,0.1000007288
0.0000000000,0.0875321948
0.0000000000,0.0731821276
0.0000000000,0.0580858165
0.0000000000,0.0419222219
0.0000000000,0.0258421617
0.0000000000,0.0093911749
0.0000000000,-0.0063535104
0.0000000000,-0.0219215171
0.0000000000,-0.0363652490
0.0000000000,-0.0502358897
0.0000000000,-0.0627450980
0.0000000000,-0.1117664669
0.0000000000,-0.1252375352
0.0000000000,-0.1060097366
0.0000000000,-0.0616226688
0.0000000000,-0.0064651935
0.0000000000,0.0492124927
0.0000000000,0.0925427611
0.0000000000,0.1190615327
0.0000000000,0.1251572326
0.0000000000,0.1123481187
0.0000000000,0.0849530380
0.0000000000,0.0468930952
0.0000000000,0.0054958022
0.0000000000,-0.0360300329
0.0000000000,-0.0715287206
0.0000000000,-0.0997001682
0.0000000000,-0.1174843194
0.0000000000,-0.1251932973
0.0000000000,-0.1228678677
0.0000000000,-0.1115635152
0.0000000000,-0.0934334703
0.0000000000,-0.0695015672
0.0000000000,-0.0428391102
0.0000000000,-0.0140200005
0.0000000000,0.0139282531
0.0000000000,0.0409585495
0.0000000000,0.0646746230
0.0000000000,0.0854212168
0.0000000000,0.1016773537
0.0000000000,0.1139673609
0.0000000000,0.1216454425
0.0000000000,0.1252186700
0.0000000000,0.1247768404
0.0000000000,0.1206733024
0.0000000000,0.1135367966
0.0000000000,0.1035000691
0.0000000000,0.0915310612
0.0000000000,0.0775336466
0.0000000000,0.0626415598
0.0000000000,0.0465614427
0.0000000000,0.0304576815
0.0000000000,0.0138925808
0.0000000000,-0.0020345703
0.0000000000,-0.0178465335
0.0000000000,-0.0325700301
0.0000000000,-0.0467572967
0.0000000000,-0.0595939837
0.0000000000,-0.0716155455
0.0000000000,-0.0821786019
0.0000000000,-0.1199434761
0.0000000000,-0.0866666541
0.0000000000,-0.0352845331
0.0000000000,0.0230020945
0.0000000000,0.0733334193
0.0000000000,0.1092868812
0.0000000000,0.1247617434
0.0000000000,0.1201696917
0.0000000000,0.0985337963
0.0000000000,0.0637246141
0.0000000000,0.0230375107
0.0000000000,-0.0198519989
0.0000000000,-0.0581574975
0.0000000000,-0.0901036895
0.0000000000,-0.1119069783
0.0000000000,-0.1236221747
0.0000000000,-0.1247755786
0.0000000000,-0.1163853164
0.0000000000,-0.1003667191
0.0000000000,-0.0778344194
0.0000000000,-0.0518411017
0.0000000000,-0.0230859286
0.0000000000,0.0052953788
0.0000000000,0.0331545559
0.0000000000,0.0579401727
0.0000000000,0.0799417756
0.0000000000,0.0974881998
0.0000000000,0.1110921128
0.0000000000,0.1199882702
0.0000000000,0.1247022340
0.0000000000,0.1252424948
0.0000000000,0.1219959547
0.0000000000,0.1155451867
0.0000000000,0.1060594583
0.0000000000,0.0944881828
0.0000000000,0.0807670285
0.0000000000,0.0660304748
0.0000000000,0.0500085401
0.0000000000,0.0338782327
0.0000000000,0.0172160310
0.0000000000,0.0011399848
0.0000000000,-0.0148667310
0.0000000000,-0.0298099784
0.0000000000,-0.0442425087
0.0000000000,-0.0573296057
0.0000000000,-0.0696117141
0.0000000000,-0.0804270641
0.0000000000,-0.0902673436
0.0000000000,-0.0986419570
0.0000000000,-0.0603713078
0.0000000000,-0.0021805049
0.0000000000,0.0530071540
0.0000000000,0.0968784184
0.0000000000,0.1209091571
0.0000000000,0.1242588571
0.0000000000,0.1085325165
0.0000000000,0.0774204587
0.0000000000,0.0380518454
0.0000000000,-0.0054915766
0.0000000000,-0.0458915321
0.0000000000,-0.0809100315
0.0000000000,-0.1061059995
0.0000000000,-0.1212685832
0.0000000000,-0.1254505466
0.0000000000,-0.1196183720
0.0000000000,-0.1054690432
0.0000000000,-0.0841937824
0.0000000000,-0.0588274476
0.0000000000,-0.0301828096
0.0000000000,-0.0014898820
0.0000000000,0.0270096140
0.0000000000,0.0526322263
0.0000000000,0.0756153843
0.0000000000,0.0941644230
0.0000000000,0.1087789615
0.0000000000,0.1185998696
0.0000000000,0.1241662751
0.0000000000,0.1254267217
0.0000000000,0.1227945956
0.0000000000,0.1168219718
0.0000000000,0.1077068933
0.0000000000,0.0963899990
0.0000000000,0.0828315735
0.0000000000,0.0681712731
0.0000000000,0.0521567427
0.0000000000,0.0359777416
0.0000000000,0.0192210512
0.0000000000,0.0030204501
0.0000000000,-0.0131368448
0.0000000000,-0.0282409495
0.0000000000,-0.0428452075
0.0000000000,-0.0561008154
0.0000000000,-0.0685517822
0.0000000000,-0.0795246757
0.0000000000,-0.0895163027
0.0000000000,-0.0980270088
0.0000000000,-0.1054808314
0.0000000000,-0.1115401347
0.0000000000,0.0333011433
0.0000000000,0.0834608577
0.0000000000,0.1149091112
0.0000000000,0.1254853078
0.0000000000,0.1153571303
0.0000000000,0.0879495250
0.0000000000,0.0501573086
0.0000000000,0.0064156866
0.0000000000,-0.0355056086
0.0000000000,-0.0729331578
0.0000000000,-0.1008494053
0.0000000000,-0.1187895259
0.0000000000,-0.1254017343
0.0000000000,-0.1216010744
0.0000000000,-0.1089117509
0.0000000000,-0.0885932049
0.0000000000,-0.0636801921
0.0000000000,-0.0350864565
0.0000000000,-0.0061294554
0.0000000000,0.0228677046
0.0000000000,0.0491130618
0.0000000000,0.0727998160
0.0000000000,0.0920410951
0.0000000000,0.1073256432
0.0000000000,0.1177321460
0.0000000000,0.1238101530
0.0000000000,0.1254755125
0.0000000000,0.1231612243
0.0000000000,0.1174092657
0.0000000000,0.1084378453
0.0000000000,0.0971918602
0.0000000000,0.0836476573
0.0000000000,0.0689564100
0.0000000000,0.0528761930
0.0000000000,0.0366104379
0.0000000000,0.0197511213
0.0000000000,0.0034446996
0.0000000000,-0.0128203519
0.0000000000,-0.0280240659
0.0000000000,-0.0427209662
0.0000000000,-0.0560552898
0.0000000000,-0.0685733537
0.0000000000,-0.0795977672
0.0000000000,-0.0896278051
0.0000000000,-0.0981623954
0.0000000000,-0.1056275962
0.0000000000,-0.1116863070
0.0000000000,-0.1166765224
0.0000000000,-0.1204069614
0.0000000000,0.1081636921
0.0000000000,0.1248853561
0.0000000000,0.1196033109
0.0000000000,0.0954553097
0.0000000000,0.0591169123
0.0000000000,0.0153436519
0.0000000000,-0.0276952784
0.0000000000,-0.0669305683
0.0000000000,-0.0968625059
0.0000000000,-0.1168063006
0.0000000000,-0.1251047922
0.0000000000,-0.1226390300
0.0000000000,-0.1108340991
0.0000000000,-0.0910166276
0.0000000000,-0.0662565051
0.0000000000,-0.0375551483
0.0000000000,-0.0083169485
0.0000000000,0.0210702641
0.0000000000,0.0477312062
0.0000000000,0.0718277928
0.0000000000,0.0914180724
0.0000000000,0.1069857054
0.0000000000,0.1175858376
0.0000000000,0.1237769467
0.0000000000,0.1254756322
0.0000000000,0.1231276232
0.0000000000,0.1172898170
0.0000000000,0.1081909233
0.0000000000,0.0967960229
0.0000000000,0.0830874933
0.0000000000,0.0682357567
0.0000000000,0.0520006785
0.0000000000,0.0356005381
0.0000000000,0.0186262623
0.0000000000,0.0022334252
0.0000000000,-0.0140917471
0.0000000000,-0.0293258203
0.0000000000,-0.0440254001
0.0000000000,-0.0573360488
0.0000000000,-0.0698051014
0.0000000000,-0.0807601068
0.0000000000,-0.0906998673
0.0000000000,-0.0991306589
0.0000000000,-0.1064765250
0.0000000000,-0.1124090502
0.0000000000,-0.1172628710
0.0000000000,-0.1208558606
0.0000000000,-0.1234279695
0.0000000000,-0.1249219668
0.0000000000,0.1219307864
0.0000000000,0.1001466379
0.0000000000,0.0647527354
0.0000000000,0.0208208687
0.0000000000,-0.0230994144
0.0000000000,-0.0635945065
0.0000000000,-0.0947930731
0.0000000000,-0.1158496975
0.0000000000,-0.1249351831
0.0000000000,-0.1229333460
0.0000000000,-0.1112734083
0.0000000000,-0.0913557650
0.0000000000,-0.0663369250
0.0000000000,-0.0372913044
0.0000000000,-0.0077133070
0.0000000000,0.0219664827
0.0000000000,0.0488191779
0.0000000000,0.0729936529
0.0000000000,0.0925379447
0.0000000000,0.1079397932
0.0000000000,0.1182774759
0.0000000000,0.1241180412
0.0000000000,0.1254186558
0.0000000000,0.1226303410
0.0000000000,0.1163540889
0.0000000000,0.1068179973
0.0000000000,0.0950253456
0.0000000000,0.0809528544
0.0000000000,0.0657984034
0.0000000000,0.0493135986
0.0000000000,0.0327321284
0.0000000000,0.0156366785
0.0000000000,-0.0008128662
0.0000000000,-0.0171364745
0.0000000000,-0.0323153888
0.0000000000,-0.0469091891
0.0000000000,-0.0600746155
0.0000000000,-0.0723583849
0.0000000000,-0.0831033425
0.0000000000,-0.0928043154
0.0000000000,-0.1009849645
0.0000000000,-0.1080626122
0.0000000000,-0.1137267298
0.0000000000,-0.1183032706
0.0000000000,-0.1216273493
0.0000000000,-0.1239290770
0.0000000000,-0.1251670569
0.0000000000,-0.1254780080
0.0000000000,-0.1249219668
0.0000000000,0.0668261858
0.0000000000,0.0223510689
0.0000000000,-0.0223351339
0.0000000000,-0.0635427666
0.0000000000,-0.0951658047
0.0000000000,-0.1162873770
0.0000000000,-0.1250802678
0.0000000000,-0.1224880691
0.0000000000,-0.1100772125
0.0000000000,-0.0893343317
0.0000000000,-0.0635660656
0.0000000000,-0.0339015412
0.0000000000,-0.0039261881
0.0000000000,0.0259152915
0.0000000000,0.0526795005
0.0000000000,0.0765259634
0.0000000000,0.0955487610
0.0000000000,0.1102515237
0.0000000000,0.1197915661
0.0000000000,0.1247442263
0.0000000000,0.1251532222
0.0000000000,0.1214659239
0.0000000000,0.1143596942
0.0000000000,0.1040488442
0.0000000000,0.0915935318
0.0000000000,0.0769512583
0.0000000000,0.0613545936
0.0000000000,0.0445355419
0.0000000000,0.0277418635
0.0000000000,0.0105402127
0.0000000000,-0.0059122934
0.0000000000,-0.0221457366
0.0000000000,-0.0371564579
0.0000000000,-0.0515074043
0.0000000000,-0.0643784125
0.0000000000,-0.0763131489
0.0000000000,-0.0866818613
0.0000000000,-0.0959709615
0.0000000000,-0.1037329344
0.0000000000,-0.1103727181
0.0000000000,-0.1156079408
0.0000000000,-0.1197496565
0.0000000000,-0.1226590790
0.0000000000,-0.1245502325
0.0000000000,-0.1254049337
0.0000000000,-0.1253437306
0.0000000000,-0.1244465879
0.0000000000,-0.1227485512
0.0000000000,-0.1204069614
0.0000000000,-0.0260246872
0.0000000000,-0.0672859094
0.0000000000,-0.0983034070
0.0000000000,-0.1182140807
0.0000000000,-0.1254161192
0.0000000000,-0.1209887485
0.0000000000,-0.1067955620
0.0000000000,-0.0844229286
0.0000000000,-0.0573941399
0.0000000000,-0.0268668199
0.0000000000,0.0034932629
0.0000000000,0.0332645583
0.0000000000,0.0595447730
0.0000000000,0.0825329534
0.0000000000,0.1004400481
0.0000000000,0.1137985014
0.0000000000,0.1219106860
0.0000000000,0.1253582121
0.0000000000,0.1243224505
0.0000000000,0.1192352247
0.0000000000,0.1108836146
0.0000000000,0.0994521017
0.0000000000,0.0860747616
0.0000000000,0.0706742686
0.0000000000,0.0545219977
0.0000000000,0.0373180293
0.0000000000,0.0203191991
0.0000000000,0.0030683447
0.0000000000,-0.0132908520
0.0000000000,-0.0293017568
0.0000000000,-0.0439894044
0.0000000000,-0.0579192950
0.0000000000,-0.0703088880
0.0000000000,-0.0816949554
0.0000000000,-0.0914892682
0.0000000000,-0.1001639629
0.0000000000,-0.1073132518
0.0000000000,-0.1133227279
0.0000000000,-0.1179494403
0.0000000000,-0.1214822250
0.0000000000,-0.1238178636
0.0000000000,-0.1251471694
0.0000000000,-0.1254828652
0.0000000000,-0.1249227721
0.0000000000,-0.1235728219
0.0000000000,-0.1214468851
0.0000000000,-0.1187234158
0.0000000000,-0.1153435652
0.0000000000,-0.1115401347
0.0000000000,-0.1041757099
0.0000000000,-0.1212753759
0.0000000000,-0.1253311095
0.0000000000,-0.1176462130
0.0000000000,-0.1005582995
0.0000000000,-0.0757583772
0.0000000000,-0.0470393795
0.0000000000,-0.0155466124
0.0000000000,0.0150109001
0.0000000000,0.0442827372
0.0000000000,0.0694891062
0.0000000000,0.0909012605
0.0000000000,0.1069363180
0.0000000000,0.1181667036
0.0000000000,0.1241156142
0.0000000000,0.1253643631
0.0000000000,0.1222855114
0.0000000000,0.1152785583
0.0000000000,0.1052711544
0.0000000000,0.0923982027
0.0000000000,0.0778795849
0.0000000000,0.0615855846
0.0000000000,0.0448244098
0.0000000000,0.0272516237
0.0000000000,0.0101222272
0.0000000000,-0.0070515247
0.0000000000,-0.0231551919
0.0000000000,-0.0387467721
0.0000000000,-0.0528977113
0.0000000000,-0.0661730675
0.0000000000,-0.0778455360
0.0000000000,-0.0884389499
0.0000000000,-0.0974228783
0.0000000000,-0.1052473258
0.0000000000,-0.1115625130
0.0000000000,-0.1167260578
0.0000000000,-0.1205464571
0.0000000000,-0.1232817154
0.0000000000,-0.1248739525
0.0000000000,-0.1254827196
0.0000000000,-0.1251593086
0.0000000000,-0.1239716609
0.0000000000,-0.1220574605
0.0000000000,-0.1194033186
0.0000000000,-0.1162129693
0.0000000000,-0.1124036713
0.0000000000,-0.1082276101
0.0000000000,-0.1035451079
0.0000000000,-0.0986419570
0.0000000000,-0.1234838601
0.0000000000,-0.1110141630
0.0000000000,-0.0899624395
0.0000000000,-0.0621045170
0.0000000000,-0.0315149292
0.0000000000,0.0007372799
0.0000000000,0.0309834096
0.0000000000,0.0590036293
0.0000000000,0.0822578442
0.0000000000,0.1011222742
0.0000000000,0.1143297594
0.0000000000,0.1224972072
0.0000000000,0.1254508772
0.0000000000,0.1237567007
0.0000000000,0.1180289259
0.0000000000,0.1086108614
0.0000000000,0.0965933376
0.0000000000,0.0820377155
0.0000000000,0.0662514345
0.0000000000,0.0490335920
0.0000000000,0.0317173532
0.0000000000,0.0139023068
0.0000000000,-0.0031778312
0.0000000000,-0.0200455037
0.0000000000,-0.0356380597
0.0000000000,-0.0505261141
0.0000000000,-0.0638501706
0.0000000000,-0.0761683927
0.0000000000,-0.0868296497
0.0000000000,-0.0963356470
0.0000000000,-0.1042320417
0.0000000000,-0.1109362402
0.0000000000,-0.1161697591
0.0000000000,-0.1202516161
0.0000000000,-0.1230540564
0.0000000000,-0.1247942453
0.0000000000,-0.1254691788
0.0000000000,-0.1251982344
0.0000000000,-0.1240783765
0.0000000000,-0.1221400969
0.0000000000,-0.1195578625
0.0000000000,-0.1162848715
0.0000000000,-0.1125534541
0.0000000000,-0.1082521975
0.0000000000,-0.1036546015
0.0000000000,-0.0985972994
0.0000000000,-0.0933810979
0.0000000000,-0.0878025862
0.0000000000,-0.0821786019
0.0000000000,-0.0730430733
0.0000000000,-0.0419385754
0.0000000000,-0.0098057681
0.0000000000,0.0224574335
0.0000000000,0.0513761742
0.0000000000,0.0769286635
0.0000000000,0.0969745401
0.0000000000,0.1120197780
0.0000000000,0.1212390711
0.0000000000,0.1252840258
0.0000000000,0.1243639815
0.0000000000,0.1190010131
0.0000000000,0.1100887960
0.0000000000,0.0978816943
0.0000000000,0.0836395382
0.0000000000,0.0673225528
0.0000000000,0.0503108385
0.0000000000,0.0323142670
0.0000000000,0.0146647704
0.0000000000,-0.0031018283
0.0000000000,-0.0198037071
0.0000000000,-0.0359970029
0.0000000000,-0.0507013963
0.0000000000,-0.0644926742
0.0000000000,-0.0766082777
0.0000000000,-0.0875880366
0.0000000000,-0.0968809524
0.0000000000,-0.1049532799
0.0000000000,-0.1114464141
0.0000000000,-0.1167315650
0.0000000000,-0.1206170187
0.0000000000,-0.1233704195
0.0000000000,-0.1249394647
0.0000000000,-0.1254891931
0.0000000000,-0.1250799369
0.0000000000,-0.1237814204
0.0000000000,-0.1217420440
0.0000000000,-0.1189472580
0.0000000000,-0.1156118973
0.0000000000,-0.1116499639
0.0000000000,-0.1073242512
0.0000000000,-0.1024905292
0.0000000000,-0.0974441564
0.0000000000,-0.0919953523
0.0000000000,-0.0864594878
0.0000000000,-0.0806128210
0.0000000000,-0.0747807030
0.0000000000,-0.0687156375
0.0000000000,-0.0627450980
0.0000000000,0.0186555484
0.0000000000,0.0493557185
0.0000000000,0.0752327267
0.0000000000,0.0965254543
0.0000000000,0.1116924672
0.0000000000,0.1213717872
0.0000000000,0.1253079506
0.0000000000,0.1241529450
0.0000000000,0.1185597207
0.0000000000,0.1089600928
0.0000000000,0.0965369645
0.0000000000,0.0814142435
0.0000000000,0.0649984367
0.0000000000,0.0471203759
0.0000000000,0.0291938406
0.0000000000,0.0108263192
0.0000000000,-0.0066961739
0.0000000000,-0.0239016017
0.0000000000,-0.0397035896
0.0000000000,-0.0546824138
0.0000000000,-0.0679788176
0.0000000000,-0.0801583795
0.0000000000,-0.0905878232
0.0000000000,-0.0997706396
0.0000000000,-0.1072816689
0.0000000000,-0.1135334717
0.0000000000,-0.1182827177
0.0000000000,-0.1218375154
0.0000000000,-0.1241070926
0.0000000000,-0.1252930507
0.0000000000,-0.1254282555
0.0000000000,-0.1246135739
0.0000000000,-0.1229788141
0.0000000000,-0.1205346662
0.0000000000,-0.1174843179
0.0000000000,-0.1137612842
0.0000000000,-0.1096220018
0.0000000000,-0.1049365780
0.0000000000,-0.0999979384
0.0000000000,-0.0946261920
0.0000000000,-0.0891371029
0.0000000000,-0.0833131452
0.0000000000,-0.0774820278
0.0000000000,-0.0713995386
0.0000000000,-0.0653968113
0.0000000000,-0.0592123368
0.0000000000,-0.0531741538
0.0000000000,-0.0470112894
0.0000000000,-0.0410438228
0.0000000000,0.0998167228
0.0000000000,0.1145017657
0.0000000000,0.1228164407
0.0000000000,0.1254889740
0.0000000000,0.1229308306
0.0000000000,0.1157250890
0.0000000000,0.1049810454
0.0000000000,0.0909749831
0.0000000000,0.0751404802
0.0000000000,0.0574255738
0.0000000000,0.0393203361
0.0000000000,0.0205044924
0.0000000000,0.0023559589
0.0000000000,-0.0156212457
0.0000000000,-0.0322523824
0.0000000000,-0.0481155414
0.0000000000,-0.0622757960
0.0000000000,-0.0753152807
0.0000000000,-0.0865407498
0.0000000000,-0.0964817652
0.0000000000,-0.1046685174
0.0000000000,-0.1115424863
0.0000000000,-0.1168290297
0.0000000000,-0.1208637773
0.0000000000,-0.1235354593
0.0000000000,-0.1250694801
0.0000000000,-0.1254865251
0.0000000000,-0.1249065961
0.0000000000,-0.1234534347
0.0000000000,-0.1211521271
0.0000000000,-0.1182040924
0.0000000000,-0.1145529359
0.0000000000,-0.1104561966
0.0000000000,-0.1057904371
0.0000000000,-0.1008514758
0.0000000000,-0.0954629808
0.0000000000,-0.0899446089
0.0000000000,-0.0840802023
0.0000000000,-0.0782018024
0.0000000000,-0.0720649946
0.0000000000,-0.0660053028
0.0000000000,-0.0597599603
0.0000000000,-0.0536612052
0.0000000000,-0.0474361596
0.0000000000,-0.0414087615
0.0000000000,-0.0353027021
0.0000000000,-0.0294300250
0.0000000000,-0.0235162671
0.0000000000,-0.0178591170
0.0000000000,0.1245971661
0.0000000000,0.1189857356
0.0000000000,0.1092557156
0.0000000000,0.0958138931
0.0000000000,0.0801531012
0.0000000000,0.0623189466
0.0000000000,0.0438872873
0.0000000000,0.0245945935
0.0000000000,0.0059012152
0.0000000000,-0.0126660890
0.0000000000,-0.0298669339
0.0000000000,-0.0462792418
0.0000000000,-0.0609227199
0.0000000000,-0.0743911830
0.0000000000,-0.0859646582
0.0000000000,-0.0961882725
0.0000000000,-0.1045803938
0.0000000000,-0.1115969917
0.0000000000,-0.1169623746
0.0000000000,-0.1210230869
0.0000000000,-0.1236738714
0.0000000000,-0.1251466872
0.0000000000,-0.1254723097
0.0000000000,-0.1247731839
0.0000000000,-0.1231849965
0.0000000000,-0.1207319360
0.0000000000,-0.1176276723
0.0000000000,-0.1138125188
0.0000000000,-0.1095555655
0.0000000000,-0.1047286075
0.0000000000,-0.0996377201
0.0000000000,-0.0941011136
0.0000000000,-0.0884471101
0.0000000000,-0.0824540168
0.0000000000,-0.0764608555
0.0000000000,-0.0702180389
0.0000000000,-0.0640664266
0.0000000000,-0.0577387279
0.0000000000,-0.0515709927
0.0000000000,-0.0452866293
0.0000000000,-0.0392120282
0.0000000000,-0.0330680429
0.0000000000,-0.0271679930
0.0000000000,-0.0212354501
0.0000000000,-0.0155683878
0.0000000000,-0.0098970990
0.0000000000,-0.0045028210
0.0000000000,0.0008744969
0.0000000000,0.0059710639
0.0000000000,0.0789998298
0.0000000000,0.0604320583
0.0000000000,0.0413017887
0.0000000000,0.0213668100
0.0000000000,0.0021559129
0.0000000000,-0.0168060634
0.0000000000,-0.0342490387
0.0000000000,-0.0507618925
0.0000000000,-0.0653658452
0.0000000000,-0.0786646897
0.0000000000,-0.0899615461
0.0000000000,-0.0998052235
0.0000000000,-0.1077498830
0.0000000000,-0.1142472446
0.0000000000,-0.1190630729
0.0000000000,-0.1225324152
0.0000000000,-0.1245921049
0.0000000000,-0.1254571958
0.0000000000,-0.1251979193
0.0000000000,-0.1239165870
0.0000000000,-0.1217838163
0.0000000000,-0.1188024685
0.0000000000,-0.1152157281
0.0000000000,-0.1109430420
0.0000000000,-0.1062773859
0.0000000000,-0.1010713513
0.0000000000,-0.0956494893
0.0000000000,-0.0898132409
0.0000000000,-0.0839044626
0.0000000000,-0.0776875347
0.0000000000,-0.0715106647
0.0000000000,-0.0651133075
0.0000000000,-0.0588417929
0.0000000000,-0.0524207656
0.0000000000,-0.0461886517
0.0000000000,-0.0398634793
0.0000000000,-0.0337714991
0.0000000000,-0.0276305806
0.0000000000,-0.0217519071
0.0000000000,-0.0158581379
0.0000000000,-0.0102435671
0.0000000000,-0.0046393146
0.0000000000,0.0006782165
0.0000000000,0.0059668312
0.0000000000,0.0109684014
0.0000000000,0.0159278983
0.0000000000,0.0206053947
0.0000000000,0.0252319510
0.0000000000,0.0295854350
0.0000000000,-0.0112199710
0.0000000000,-0.0301380178
0.0000000000,-0.0472143259
0.0000000000,-0.0630645752
0.0000000000,-0.0767885886
0.0000000000,-0.0889952547
0.0000000000,-0.0990855778
0.0000000000,-0.1075922077
0.0000000000,-0.1141716740
0.0000000000,-0.1192427007
0.0000000000,-0.1226683603
0.0000000000,-0.1247397047
0.0000000000,-0.1254803660
0.0000000000,-0.1250560713
0.0000000000,-0.1236108053
0.0000000000,-0.1211969216
0.0000000000,-0.1180451316
0.0000000000,-0.1141111702
0.0000000000,-0.1096852196
0.0000000000,-0.1046446950
0.0000000000,-0.0993176877
0.0000000000,-0.0935211006
0.0000000000,-0.0876042312
0.0000000000,-0.0813396432
0.0000000000,-0.0750851590
0.0000000000,-0.0685830057
0.0000000000,-0.0621901073
0.0000000000,-0.0556300403
0.0000000000,-0.0492520027
0.0000000000,-0.0427703757
0.0000000000,-0.0365218425
0.0000000000,-0.0302190236
0.0000000000,-0.0241828810
0.0000000000,-0.0181299535
0.0000000000,-0.0123634875
0.0000000000,-0.0066081390
0.0000000000,-0.0011483614
0.0000000000,0.0042800893
0.0000000000,0.0094119476
0.0000000000,0.0144983551
0.0000000000,0.0192931296
0.0000000000,0.0240330812
0.0000000000,0.0284906501
0.0000000000,0.0328876863
0.0000000000,0.0370145448
0.0000000000,0.0410779434
0.0000000000,0.0448852817
0.0000000000,0.0486283125
0.0000000000,0.0521305114
0.0000000000,-0.0951022548
0.0000000000,-0.1047412242
0.0000000000,-0.1122246830
0.0000000000,-0.1180270891
0.0000000000,-0.1219920057
0.0000000000,-0.1244563351
0.0000000000,-0.1254446264
0.0000000000,-0.1251554368
0.0000000000,-0.1237454482
0.0000000000,-0.1212872885
0.0000000000,-0.1180301485
0.0000000000,-0.1139396303
0.0000000000,-0.1093262454
0.0000000000,-0.1040695309
0.0000000000,-0.0985173337
0.0000000000,-0.0924834748
0.0000000000,-0.0863350599
0.0000000000,-0.0798385014
0.0000000000,-0.0733668115
0.0000000000,-0.0666546415
0.0000000000,-0.0600712667
0.0000000000,-0.0533324411
0.0000000000,-0.0467969316
0.0000000000,-0.0401718321
0.0000000000,-0.0338008258
0.0000000000,-0.0273902509
0.0000000000,-0.0212657926
0.0000000000,-0.0151389499
0.0000000000,-0.0093157374
0.0000000000,-0.0035170878
0.0000000000,0.0019714132
0.0000000000,0.0074164510
0.0000000000,0.0125529641
0.0000000000,0.0176333549
0.0000000000,0.0224127110
0.0000000000,0.0271280616
0.0000000000,0.0315539444
0.0000000000,0.0359115410
0.0000000000,0.0399939271
0.0000000000,0.0440064196
0.0000000000,0.0477595896
0.0000000000,0.0514432036
0.0000000000,0.0548842165
0.0000000000,0.0582573910
0.0000000000,0.0614049291
0.0000000000,0.0644872916
0.0000000000,0.0673607984
0.0000000000,0.0701724069
0.0000000000,0.0727914553
0.0000000000,-0.1252667396
0.0000000000,-0.1238534065
0.0000000000,-0.1213637312
0.0000000000,-0.1178377986
0.0000000000,-0.1135918520
0.0000000000,-0.1085546087
0.0000000000,-0.1030902847
0.0000000000,-0.0970416655
0.0000000000,-0.0907973952
0.0000000000,-0.0841377422
0.0000000000,-0.0774589631
0.0000000000,-0.0704989297
0.0000000000,-0.0636497653
0.0000000000,-0.0566234279
0.0000000000,-0.0497999373
0.0000000000,-0.0428783403
0.0000000000,-0.0362213693
0.0000000000,-0.0295250820
0.0000000000,-0.0231317746
0.0000000000,-0.0167418399
0.0000000000,-0.0106754610
0.0000000000,-0.0046425745
0.0000000000,0.0010593777
0.0000000000,0.0067073838
0.0000000000,0.0120266359
0.0000000000,0.0172788164
0.0000000000,0.0222111420
0.0000000000,0.0270687459
0.0000000000,0.0316199298
0.0000000000,0.0360927681
0.0000000000,0.0402755030
0.0000000000,0.0443791737
0.0000000000,0.0482107048
0.0000000000,0.0519645003
0.0000000000,0.0554648608
0.0000000000,0.0588902107
0.0000000000,0.0620809185
0.0000000000,0.0652002493
0.0000000000,0.0681033602
0.0000000000,0.0709392745
0.0000000000,0.0735767090
0.0000000000,0.0761514088
0.0000000000,0.0785444859
0.0000000000,0.0808793809
0.0000000000,0.0830485078
0.0000000000,0.0851639607
0.0000000000,0.0871284380
0.0000000000,0.0890436132
0.0000000000,0.0908215264
0.0000000000,-0.0846752412
0.0000000000,-0.0773490903
0.0000000000,-0.0700815749
0.0000000000,-0.0625851556
0.0000000000,-0.0552791745
0.0000000000,-0.0478526768
0.0000000000,-0.0407033213
0.0000000000,-0.0335113568
0.0000000000,-0.0266492359
0.0000000000,-0.0197989826
0.0000000000,-0.0133062528
0.0000000000,-0.0068621903
0.0000000000,-0.0007853607
0.0000000000,0.0052191187
0.0000000000,0.0108592154
0.0000000000,0.0164128586
0.0000000000,0.0216134518
0.0000000000,0.0267203686
0.0000000000,0.0314910272
0.0000000000,0.0361656330
0.0000000000,0.0405240250
0.0000000000,0.0447873200
0.0000000000,0.0487561133
0.0000000000,0.0526329817
0.0000000000,0.0562376119
0.0000000000,0.0597548930
0.0000000000,0.0630219825
0.0000000000,0.0662071168
0.0000000000,0.0691633784
0.0000000000,0.0720434816
0.0000000000,0.0747149789
0.0000000000,0.0773162277
0.0000000000,0.0797278961
0.0000000000,0.0820751421
0.0000000000,0.0842504981
0.0000000000,0.0863670442
0.0000000000,0.0883280284
0.0000000000,0.0902355211
0.0000000000,0.0920024360
0.0000000000,0.0937208374
0.0000000000,0.0953123495
0.0000000000,0.0968599643
0.0000000000,0.0982931498
0.0000000000,0.0996866880
0.0000000000,0.1009771058
0.0000000000,0.1022317673
0.0000000000,0.1033935494
0.0000000000,0.1045231213
0.0000000000,0.1055690708
0.0000000000,0.0037444354
0.0000000000,0.0101341267
0.0000000000,0.0160908498
0.0000000000,0.0219123352
0.0000000000,0.0273233007
0.0000000000,0.0325979308
0.0000000000,0.0374897937
0.0000000000,0.0422493295
0.0000000000,0.0466562235
0.0000000000,0.0509378422
0.0000000000,0.0548973991
0.0000000000,0.0587403813
0.0000000000,0.0622911221
0.0000000000,0.0657347102
0.0000000000,0.0689143868
0.0000000000,0.0719964512
0.0000000000,0.0748410401
0.0000000000,0.0775972969
0.0000000000,0.0801404342
0.0000000000,0.0826040330
0.0000000000,0.0848767448
0.0000000000,0.0870781021
0.0000000000,0.0891087281
0.0000000000,0.0910755187
0.0000000000,0.0928897578
0.0000000000,0.0946470057
0.0000000000,0.0962680369
0.0000000000,0.0978382633
0.0000000000,0.0992869088
0.0000000000,0.1006903120
0.0000000000,0.1019852197
0.0000000000,0.1032398676
0.0000000000,0.1043977014
0.0000000000,0.1055197248
0.0000000000,0.1065553508
0.0000000000,0.1075591312
0.0000000000,0.1084857962
0.0000000000,0.1093841428
0.0000000000,0.1102136410
0.0000000000,0.1110179552
0.0000000000,0.1117607824
0.0000000000,0.1124812085
0.0000000000,0.1131467018
0.0000000000,0.1137922640
0.0000000000,0.1143887294
0.0000000000,0.1149674551
0.0000000000,0.1155022815
0.0000000000,0.1160213122
0.0000000000,0.1165010739
0.0000000000,0.0900490956
0.0000000000,0.0922483682
0.0000000000,0.0942524090
0.0000000000,0.0961706102
0.0000000000,0.0979198542
0.0000000000,0.0995954568
0.0000000000,0.1011246530
0.0000000000,0.1025906086
0.0000000000,0.1039295144
0.0000000000,0.1052140417
0.0000000000,0.1063881447
0.0000000000,0.1075154205
0.0000000000,0.1085465670
0.0000000000,0.1095373246
0.0000000000,0.1104442602
0.0000000000,0.1113163018
0.0000000000,0.1121151330
0.0000000000,0.1128837661
0.0000000000,0.1135883535
0.0000000000,0.1142667616
0.0000000000,0.1148890523
0.0000000000,0.1154886086
0.0000000000,0.1160389182
0.0000000000,0.1165694514
0.0000000000,0.1170567026
0.0000000000,0.1175267217
0.0000000000,0.1179586456
0.0000000000,0.1183755299
0.0000000000,0.1187588375
0.0000000000,0.1191289980
0.0000000000,0.1194695244
0.0000000000,0.1197985403
0.0000000000,0.1201013683
0.0000000000,0.1203941034
0.0000000000,0.1206636672
0.0000000000,0.1209243685
0.0000000000,0.1211645434
0.0000000000,0.1213969251
0.0000000000,0.1216111030
0.0000000000,0.1218184187
0.0000000000,0.1220095730
0.0000000000,0.1221946771
0.0000000000,0.1223654181
0.0000000000,0.1225308182
0.0000000000,0.1226834410
0.0000000000,0.1228313433
0.0000000000,0.1229678683
0.0000000000,0.1231002164
0.0000000000,0.1232224248
0.0000000000,0.1254901961
0.0000000000,0.1254901961
0.0000000000,0.1254901961
0.0000000000,0.1254901961
0.0000000000,0.1254901961
0.0000000000,0.1254901961
0.0000000000,0.1254901961
0.0000000000,0.1254901961
0.0000000000,0.1254901961
0.0000000000,0.1254901961
0.0000000000,0.1254901961
0.0000000000,0.1254901961
0.0000000000,0.1254901961
0.0000000000,0.1254901961
0.0000000000,0.1254901961
0.0000000000,0.1254901961
0.0000000000,0.1254901961
0.0000000000,0.1254901961
0.0000000000,0.1254901961
0.0000000000,0.1254901961
0.0000000000,0.1254901961
0.0000000000,0.1254901961
0.0000000000,0.1254901961
0.0000000000,0.1254901961
0.0000000000,0.1254901961
0.0000000000,0.1254901961
0.0000000000,0.1254901961
0.0000000000,0.1254901961
0.0000000000,0.1254901961
0.0000000000,0.1254901961
0.0000000000,0.1254901961
0.0000000000,0.1254901961
0.0000000000,0.1254901961
0.0000000000,0.1254901961
0.0000000000,0.1254901961
0.0000000000,0.1254901961
0.0000000000,0.1254901961
0.0000000000,0.1254901961
0.0000000000,0.1254901961
0.0000000000,0.1254901961
0.0000000000,0.1254901961
0.0000000000,0.1254901961
0.0000000000,0.1254901961
0.0000000000,0.1254901961
0.0000000000,0.1254901961
0.0000000000,0.1254901961
0.0000000000,0.1254901961
0.0000000000,0.1254901961
0.0000000000,0.1254901961
0.0000000000,0.0900490956
0.0000000000,0.0922483682
0.0000000000,0.0942524090
0.0000000000,0.0961706102
0.0000000000,0.0979198542
0.0000000000,0.0995954568
0.0000000000,0.1011246530
0.0000000000,0.1025906086
0.0000000000,0.1039295144
0.0000000000,0.1052140417
0.0000000000,0.1063881447
0.0000000000,0.1075154205
0.0000000000,0.1085465670
0.0000000000,0.1095373246
0.0000000000,0.1104442602
0.0000000000,0.1113163018
0.0000000000,0.1121151330
0.0000000000,0.1128837661
0.0000000000,0.1135883535
0.0000000000,0.1142667616
0.0000000000,0.1148890523
0.0000000000,0.1154886086
0.0000000000,0.1160389182
0.0000000000,0.1165694514
0.0000000000,0.1170567026
0.0000000000,0.1175267217
0.0000000000,0.1179586456
0.0000000000,0.1183755299
0.0000000000,0.1187588375
0.0000000000,0.1191289980
0.0000000000,0.1194695244
0.0000000000,0.1197985403
0.0000000000,0.1201013683
0.0000000000,0.1203941034
0.0000000000,0.1206636672
0.0000000000,0.1209243685
0.0000000000,0.1211645434
0.0000000000,0.1213969251
0.0000000000,0.1216111030
0.0000000000,0.1218184187
0.0000000000,0.1220095730
0.0000000000,0.1221946771
0.0000000000,0.1223654181
0.0000000000,0.1225308182
0.0000000000,0.1226834410
0.0000000000,0.1228313433
0.0000000000,0.1229678683
0.0000000000,0.1231002164
0.0000000000,0.1232224248
0.0000000000,0.0037444354
0.0000000000,0.0101341267
0.0000000000,0.0160908498
0.0000000000,0.0219123352
0.0000000000,0.0273233007
0.0000000000,0.0325979308
0.0000000000,0.0374897937
0.0000000000,0.0422493295
0.0000000000,0.0466562235
0.0000000000,0.0509378422
0.0000000000,0.0548973991
0.0000000000,0.0587403813
0.0000000000,0.0622911221
0.0000000000,0.0657347102
0.0000000000,0.0689143868
0.0000000000,0.0719964512
0.0000000000,0.0748410401
0.0000000000,0.0775972969
0.0000000000,0.0801404342
0.0000000000,0.0826040330
0.0000000000,0.0848767448
0.0000000000,0.0870781021
0.0000000000,0.0891087281
0.0000000000,0.0910755187
0.0000000000,0.0928897578
0.0000000000,0.0946470057
0.0000000000,0.0962680369
0.0000000000,0.0978382633
0.0000000000,0.0992869088
0.0000000000,0.1006903120
0.0000000000,0.1019852197
0.0000000000,0.1032398676
0.0000000000,0.1043977014
0.0000000000,0.1055197248
0.0000000000,0.1065553508
0.0000000000,0.1075591312
0.0000000000,0.1084857962
0.0000000000,0.1093841428
0.0000000000,0.1102136410
0.0000000000,0.1110179552
0.0000000000,0.1117607824
0.0000000000,0.1124812085
0.0000000000,0.1131467018
0.0000000000,0.1137922640
0.0000000000,0.1143887294
0.0000000000,0.1149674551
0.0000000000,0.1155022815
0.0000000000,0.1160213122
0.0000000000,0.1165010739
0.0000000000,-0.0846752412
0.0000000000,-0.0773490903
0.0000000000,-0.0700815749
0.0000000000,-0.0625851556
0.0000000000,-0.0552791745
0.0000000000,-0.0478526768
0.0000000000,-0.0407033213
0.0000000000,-0.0335113568
0.0000000000,-0.0266492359
0.0000000000,-0.0197989826
0.0000000000,-0.0133062528
0.0000000000,-0.0068621903
0.0000000000,-0.0007853607
0.0000000000,0.0052191187
0.0000000000,0.0108592154
0.0000000000,0.0164128586
0.0000000000,0.0216134518
0.0000000000,0.0267203686
0.0000000000,0.0314910272
0.0000000000,0.0361656330
0.0000000000,0.0405240250
0.0000000000,0.0447873200
0.0000000000,0.0487561133
0.0000000000,0.0526329817
0.0000000000,0.0562376119
0.0000000000,0.0597548930
0.0000000000,0.0630219825
0.0000000000,0.0662071168
0.0000000000,0.0691633784
0.0000000000,0.0720434816
0.0000000000,0.0747149789
0.0000000000,0.0773162277
0.0000000000,0.0797278961
0.0000000000,0.0820751421
0.0000000000,0.0842504981
0.0000000000,0.0863670442
0.0000000000,0.0883280284
0.0000000000,0.0902355211
0.0000000000,0.0920024360
0.0000000000,0.0937208374
0.0000000000,0.0953123495
0.0000000000,0.0968599643
0.0000000000,0.0982931498
0.0000000000,0.0996866880
0.0000000000,0.1009771058
0.0000000000,0.1022317673
0.0000000000,0.1033935494
0.0000000000,0.1045231213
0.0000000000,0.1055690708
0.0000000000,-0.1252667396
0.0000000000,-0.1238534065
0.0000000000,-0.1213637312
0.0000000000,-0.1178377986
0.0000000000,-0.1135918520
0.0000000000,-0.1085546087
0.0000000000,-0.1030902847
0.0000000000,-0.0970416655
0.0000000000,-0.0907973952
0.0000000000,-0.0841377422
0.0000000000,-0.0774589631
0.0000000000,-0.0704989297
0.0000000000,-0.0636497653
0.0000000000,-0.0566234279
0.0000000000,-0.0497999373
0.0000000000,-0.0428783403
0.0000000000,-0.0362213693
0.0000000000,-0.0295250820
0.0000000000,-0.0231317746
0.0000000000,-0.0167418399
0.0000000000,-0.0106754610
0.0000000000,-0.0046425745
0.0000000000,0.0010593777
0.0000000000,0.0067073838
0.0000000000,0.0120266359
0.0000000000,0.0172788164
0.0000000000,0.0222111420
0.0000000000,0.0270687459
0.0000000000,0.0316199298
0.0000000000,0.0360927681
0.0000000000,0.0402755030
0.0000000000,0.0443791737
0.0000000000,0.0482107048
0.0000000000,0.0519645003
0.0000000000,0.0554648608
0.0000000000,0.0588902107
0.0000000000,0.0620809185
0.0000000000,0.0652002493
0.0000000000,0.0681033602
0.0000000000,0.0709392745
0.0000000000,0.0735767090
0.0000000000,0.0761514088
0.0000000000,0.0785444859
0.0000000000,0.0808793809
0.0000000000,0.0830485078
0.0000000000,0.0851639607
0.0000000000,0.0871284380
0.0000000000,0.0890436132
0.0000000000,0.0908215264
0.0000000000,-0.0951022548
0.0000000000,-0.1047412242
0.0000000000,-0.1122246830
0.0000000000,-0.1180270891
0.0000000000,-0.1219920057
0.0000000000,-0.1244563351
0.0000000000,-0.1254446264
0.0000000000,-0.1251554368
0.0000000000,-0.1237454482
0.0000000000,-0.1212872885
0.0000000000,-0.1180301485
0.0000000000,-0.1139396303
0.0000000000,-0.1093262454
0.0000000000,-0.1040695309
0.0000000000,-0.0985173337
0.0000000000,-0.0924834748
0.0000000000,-0.0863350599
0.0000000000,-0.0798385014
0.0000000000,-0.0733668115
0.0000000000,-0.0666546415
0.0000000000,-0.0600712667
0.0000000000,-0.0533324411
0.0000000000,-0.0467969316
0.0000000000,-0.0401718321
0.0000000000,-0.0338008258
0.0000000000,-0.0273902509
0.0000000000,-0.0212657926
0.0000000000,-0.0151389499
0.0000000000,-0.0093157374
0.0000000000,-0.0035170878
0.0000000000,0.0019714132
0.0000000000,0.0074164510
0.0000000000,0.0125529641
0.0000000000,0.0176333549
0.0000000000,0.0224127110
0.0000000000,0.0271280616
0.0000000000,0.0315539444
0.0000000000,0.0359115410
0.0000000000,0.0399939271
0.0000000000,0.0440064196
0.0000000000,0.0477595896
0.0000000000,0.0514432036
0.0000000000,0.0548842165
0.0000000000,0.0582573910
0.0000000000,0.0614049291
0.0000000000,0.0644872916
0.0000000000,0.0673607984
0.0000000000,0.0701724069
0.0000000000,0.0727914553
0.0000000000,-0.0112199710
0.0000000000,-0.0301380178
0.0000000000,-0.0472143259
0.0000000000,-0.0630645752
0.0000000000,-0.0767885886
0.0000000000,-0.0889952547
0.0000000000,-0.0990855778
0.0000000000,-0.1075922077
0.0000000000,-0.1141716740
0.0000000000,-0.1192427007
0.0000000000,-0.1226683603
0.0000000000,-0.1247397047
0.0000000000,-0.1254803660
0.0000000000,-0.1250560713
0.0000000000,-0.1236108053
0.0000000000,-0.1211969216
0.0000000000,-0.1180451316
0.0000000000,-0.1141111702
0.0000000000,-0.1096852196
0.0000000000,-0.1046446950
0.0000000000,-0.0993176877
0.0000000000,-0.0935211006
0.0000000000,-0.0876042312
0.0000000000,-0.0813396432
0.0000000000,-0.0750851590
0.0000000000,-0.0685830057
0.0000000000,-0.0621901073
0.0000000000,-0.0556300403
0.0000000000,-0.0492520027
0.0000000000,-0.0427703757
0.0000000000,-0.0365218425
0.0000000000,-0.0302190236
0.0000000000,-0.0241828810
0.0000000000,-0.0181299535
0.0000000000,-0.0123634875
0.0000000000,-0.0066081390
0.0000000000,-0.0011483614
0.0000000000,0.0042800893
0.0000000000,0.0094119476
0.0000000000,0.0144983551
0.0000000000,0.0192931296
0.0000000000,0.0240330812
0.0000000000,0.0284906501
0.0000000000,0.0328876863
0.0000000000,0.0370145448
0.0000000000,0.0410779434
0.0000000000,0.0448852817
0.0000000000,0.0486283125
0.0000000000,0.0521305114
0.0000000000,0.0789998298
0.0000000000,0.0604320583
0.0000000000,0.0413017887
0.0000000000,0.0213668100
0.0000000000,0.0021559129
0.0000000000,-0.0168060634
0.0000000000,-0.0342490387
0.0000000000,-0.0507618925
0.0000000000,-0.0653658452
0.0000000000,-0.0786646897
0.0000000000,-0.0899615461
0.0000000000,-0.0998052235
0.0000000000,-0.1077498830
0.0000000000,-0.1142472446
0.0000000000,-0.1190630729
0.0000000000,-0.1225324152
0.0000000000,-0.1245921049
0.0000000000,-0.1254571958
0.0000000000,-0.1251979193
0.0000000000,-0.1239165870
0.0000000000,-0.1217838163
0.0000000000,-0.1188024685
0.0000000000,-0.1152157281
0.0000000000,-0.1109430420
0.0000000000,-0.1062773859
0.0000000000,-0.1010713513
0.0000000000,-0.0956494893
0.0000000000,-0.0898132409
0.0000000000,-0.0839044626
0.0000000000,-0.0776875347
0.0000000000,-0.0715106647
0.0000000000,-0.0651133075
0.0000000000,-0.0588417929
0.0000000000,-0.0524207656
0.0000000000,-0.0461886517
0.0000000000,-0.0398634793
0.0000000000,-0.0337714991
0.0000000000,-0.0276305806
0.0000000000,-0.0217519071
0.0000000000,-0.0158581379
0.0000000000,-0.0102435671
0.0000000000,-0.0046393146
0.0000000000,0.0006782165
0.0000000000,0.0059668312
0.0000000000,0.0109684014
0.0000000000,0.0159278983
0.0000000000,0.0206053947
0.0000000000,0.0252319510
0.0000000000,0.0295854350
0.0000000000,0.1245971661
0.0000000000,0.1189857356
0.0000000000,0.1092557156
0.0000000000,0.0958138931
0.0000000000,0.0801531012
0.0000000000,0.0623189466
0.0000000000,0.0438872873
0.0000000000,0.0245945935
0.0000000000,0.0059012152
0.0000000000,-0.0126660890
0.0000000000,-0.0298669339
0.0000000000,-0.0462792418
0.0000000000,-0.0609227199
0.0000000000,-0.0743911830
0.0000000000,-0.0859646582
0.0000000000,-0.0961882725
0.0000000000,-0.1045803938
0.0000000000,-0.1115969917
0.0000000000,-0.1169623746
0.0000000000,-0.1210230869
0.0000000000,-0.1236738714
0.0000000000,-0.1251466872
0.0000000000,-0.1254723097
0.0000000000,-0.1247731839
0.0000000000,-0.1231849965
0.0000000000,-0.1207319360
0.0000000000,-0.1176276723
0.0000000000,-0.1138125188
0.0000000000,-0.1095555655
0.0000000000,-0.1047286075
0.0000000000,-0.0996377201
0.0000000000,-0.0941011136
0.0000000000,-0.0884471101
0.0000000000,-0.0824540168
0.0000000000,-0.0764608555
0.0000000000,-0.0702180389
0.0000000000,-0.0640664266
0.0000000000,-0.0577387279
0.0000000000,-0.0515709927
0.0000000000,-0.0452866293
0.0000000000,-0.0392120282
0.0000000000,-0.0330680429
0.0000000000,-0.0271679930
0.0000000000,-0.0212354501
0.0000000000,-0.0155683878
0.0000000000,-0.0098970990
0.0000000000,-0.0045028210
0.0000000000,0.0008744969
0.0000000000,0.0059710639
0.0000000000,0.0998167228
0.0000000000,0.1145017657
0.0000000000,0.1228164407
0.0000000000,0.1254889740
0.0000000000,0.1229308306
0.0000000000,0.1157250890
0.0000000000,0.1049810454
0.0000000000,0.0909749831
0.0000000000,0.0751404802
0.0000000000,0.0574255738
0.0000000000,0.0393203361
0.0000000000,0.0205044924
0.0000000000,0.0023559589
0.0000000000,-0.0156212457
0.0000000000,-0.0322523824
0.0000000000,-0.0481155414
0.0000000000,-0.0622757960
0.0000000000,-0.0753152807
0.0000000000,-0.0865407498
0.0000000000,-0.0964817652
0.0000000000,-0.1046685174
0.0000000000,-0.1115424863
0.0000000000,-0.1168290297
0.0000000000,-0.1208637773
0.0000000000,-0.1235354593
0.0000000000,-0.1250694801
0.0000000000,-0.1254865251
0.0000000000,-0.1249065961
0.0000000000,-0.1234534347
0.0000000000,-0.1211521271
0.0000000000,-0.1182040924
0.0000000000,-0.1145529359
0.0000000000,-0.1104561966
0.0000000000,-0.1057904371
0.0000000000,-0.1008514758
0.0000000000,-0.0954629808
0.0000000000,-0.0899446089
0.0000000000,-0.0840802023
0.0000000000,-0.0782018024
0.0000000000,-0.0720649946
0.0000000000,-0.0660053028
0.0000000000,-0.0597599603
0.0000000000,-0.0536612052
0.0000000000,-0.0474361596
0.0000000000,-0.0414087615
0.0000000000,-0.0353027021
0.0000000000,-0.0294300250
0.0000000000,-0.0235162671
0.0000000000,-0.0178591170
0.0000000000,0.0186555484
0.0000000000,0.0493557185
0.0000000000,0.0752327267
0.0000000000,0.0965254543
0.0000000000,0.1116924672
0.0000000000,0.1213717872
0.0000000000,0.1253079506
0.0000000000,0.1241529450
0.0000000000,0.1185597207
0.0000000000,0.1089600928
0.0000000000,0.0965369645
0.0000000000,0.0814142435
0.0000000000,0.0649984367
0.0000000000,0.0471203759
0.0000000000,0.0291938406
0.0000000000,0.0108263192
0.0000000000,-0.0066961739
0.0000000000,-0.0239016017
0.0000000000,-0.0397035896
0.0000000000,-0.0546824138
0.0000000000,-0.0679788176
0.0000000000,-0.0801583795
0.0000000000,-0.0905878232
0.0000000000,-0.0997706396
0.0000000000,-0.1072816689
0.0000000000,-0.1135334717
0.0000000000,-0.1182827177
0.0000000000,-0.1218375154
0.0000000000,-0.1241070926
0.0000000000,-0.1252930507
0.0000000000,-0.1254282555
0.0000000000,-0.1246135739
0.0000000000,-0.1229788141
0.0000000000,-0.1205346662
0.0000000000,-0.1174843179
0.0000000000,-0.1137612842
0.0000000000,-0.1096220018
0.0000000000,-0.1049365780
0.0000000000,-0.0999979384
0.0000000000,-0.0946261920
0.0000000000,-0.0891371029
0.0000000000,-0.0833131452
0.0000000000,-0.0774820278
0.0000000000,-0.0713995386
0.0000000000,-0.0653968113
0.0000000000,-0.0592123368
0.0000000000,-0.0531741538
0.0000000000,-0.0470112894
0.0000000000,-0.0410438228
0.0000000000,-0.0730430733
0.0000000000,-0.0419385754
0.0000000000,-0.0098057681
0.0000000000,0.0224574335
0.0000000000,0.0513761742
0.0000000000,0.0769286635
0.0000000000,0.0969745401
0.0000000000,0.1120197780
0.0000000000,0.1212390711
0.0000000000,0.1252840258
0.0000000000,0.1243639815
0.0000000000,0.1190010131
0.0000000000,0.1100887960
0.0000000000,0.0978816943
0.0000000000,0.0836395382
0.0000000000,0.0673225528
0.0000000000,0.0503108385
0.0000000000,0.0323142670
0.0000000000,0.0146647704
0.0000000000,-0.0031018283
0.0000000000,-0.0198037071
0.0000000000,-0.0359970029
0.0000000000,-0.0507013963
0.0000000000,-0.0644926742
0.0000000000,-0.0766082777
0.0000000000,-0.0875880366
0.0000000000,-0.0968809524
0.0000000000,-0.1049532799
0.0000000000,-0.1114464141
0.0000000000,-0.1167315650
0.0000000000,-0.1206170187
0.0000000000,-0.1233704195
0.0000000000,-0.1249394647
0.0000000000,-0.1254891931
0.0000000000,-0.1250799369
0.0000000000,-0.1237814204
0.0000000000,-0.1217420440
0.0000000000,-0.1189472580
0.0000000000,-0.1156118973
0.0000000000,-0.1116499639
0.0000000000,-0.1073242512
0.0000000000,-0.1024905292
0.0000000000,-0.0974441564
0.0000000000,-0.0919953523
0.0000000000,-0.0864594878
0.0000000000,-0.0806128210
0.0000000000,-0.0747807030
0.0000000000,-0.0687156375
0.0000000000,-0.0627450980
0.0000000000,-0.1234838601
0.0000000000,-0.1110141630
0.0000000000,-0.0899624395
0.0000000000,-0.0621045170
0.0000000000,-0.0315149292
0.0000000000,0.0007372799
0.0000000000,0.0309834096
0.0000000000,0.0590036293
0.0000000000,0.0822578442
0.0000000000,0.1011222742
0.0000000000,0.1143297594
0.0000000000,0.1224972072
0.0000000000,0.1254508772
0.0000000000,0.1237567007
0.0000000000,0.1180289259
0.0000000000,0.1086108614
0.0000000000,0.0965933376
0.0000000000,0.0820377155
0.0000000000,0.0662514345
0.0000000000,0.0490335920
0.0000000000,0.0317173532
0.0000000000,0.0139023068
0.0000000000,-0.0031778312
0.0000000000,-0.0200455037
0.0000000000,-0.0356380597
0.0000000000,-0.0505261141
0.0000000000,-0.0638501706
0.0000000000,-0.0761683927
0.0000000000,-0.0868296497
0.0000000000,-0.0963356470
0.0000000000,-0.1042320417
0.0000000000,-0.1109362402
0.0000000000,-0.1161697591
0.0000000000,-0.1202516161
0.0000000000,-0.1230540564
0.0000000000,-0.1247942453
0.0000000000,-0.1254691788
0.0000000000,-0.1251982344
0.0000000000,-0.1240783765
0.0000000000,-0.1221400969
0.0000000000,-0.1195578625
0.0000000000,-0.1162848715
0.0000000000,-0.1125534541
0.0000000000,-0.1082521975
0.0000000000,-0.1036546015
0.0000000000,-0.0985972994
0.0000000000,-0.0933810979
0.0000000000,-0.0878025862
0.0000000000,-0.0821786019
0.0000000000,-0.1041757099
0.0000000000,-0.1212753759
0.0000000000,-0.1253311095
0.0000000000,-0.1176462130
0.0000000000,-0.1005582995
0.0000000000,-0.0757583772
0.0000000000,-0.0470393795
0.0000000000,-0.0155466124
0.0000000000,0.0150109001
0.0000000000,0.0442827372
0.0000000000,0.0694891062
0.0000000000,0.0909012605
0.0000000000,0.1069363180
0.0000000000,0.1181667036
0.0000000000,0.1241156142
0.0000000000,0.1253643631
0.0000000000,0.1222855114
0.0000000000,0.1152785583
0.0000000000,0.1052711544
0.0000000000,0.0923982027
0.0000000000,0.0778795849
0.0000000000,0.0615855846
0.0000000000,0.0448244098
0.0000000000,0.0272516237
0.0000000000,0.0101222272
0.0000000000,-0.0070515247
0.0000000000,-0.0231551919
0.0000000000,-0.0387467721
0.0000000000,-0.0528977113
0.0000000000,-0.0661730675
0.0000000000,-0.0778455360
0.0000000000,-0.0884389499
0.0000000000,-0.0974228783
0.0000000000,-0.1052473258
0.0000000000,-0.1115625130
0.0000000000,-0.1167260578
0.0000000000,-0.1205464571
0.0000000000,-0.1232817154
0.0000000000,-0.1248739525
0.0000000000,-0.1254827196
0.0000000000,-0.1251593086
0.0000000000,-0.1239716609
0.0000000000,-0.1220574605
0.0000000000,-0.1194033186
0.0000000000,-0.1162129693
0.0000000000,-0.1124036713
0.0000000000,-0.1082276101
0.0000000000,-0.1035451079
0.0000000000,-0.0986419570
0.0000000000,-0.0260246872
0.0000000000,-0.0672859094
0.0000000000,-0.0983034070
0.0000000000,-0.1182140807
0.0000000000,-0.1254161192
0.0000000000,-0.1209887485
0.0000000000,-0.1067955620
0.0000000000,-0.0844229286
0.0000000000,-0.0573941399
0.0000000000,-0.0268668199
0.0000000000,0.0034932629
0.0000000000,0.0332645583
0.0000000000,0.0595447730
0.0000000000,0.0825329534
0.0000000000,0.1004400481
0.0000000000,0.1137985014
0.0000000000,0.1219106860
0.0000000000,0.1253582121
0.0000000000,0.1243224505
0.0000000000,0.1192352247
0.0000000000,0.1108836146
0.0000000000,0.0994521017
0.0000000000,0.0860747616
0.0000000000,0.0706742686
0.0000000000,0.0545219977
0.0000000000,0.0373180293
0.0000000000,0.0203191991
0.0000000000,0.0030683447
0.0000000000,-0.0132908520
0.0000000000,-0.0293017568
0.0000000000,-0.0439894044
0.0000000000,-0.0579192950
0.0000000000,-0.0703088880
0.0000000000,-0.0816949554
0.0000000000,-0.0914892682
0.0000000000,-0.1001639629
0.0000000000,-0.1073132518
0.0000000000,-0.1133227279
0.0000000000,-0.1179494403
0.0000000000,-0.1214822250
0.0000000000,-0.1238178636
0.0000000000,-0.1251471694
0.0000000000,-0.1254828652
0.0000000000,-0.1249227721
0.0000000000,-0.1235728219
0.0000000000,-0.1214468851
0.0000000000,-0.1187234158
0.0000000000,-0.1153435652
0.0000000000,-0.1115401347
0.0000000000,0.0668261858
0.0000000000,0.0223510689
0.0000000000,-0.0223351339
0.0000000000,-0.0635427666
0.0000000000,-0.0951658047
0.0000000000,-0.1162873770
0.0000000000,-0.1250802678
0.0000000000,-0.1224880691
0.0000000000,-0.1100772125
0.0000000000,-0.0893343317
0.0000000000,-0.0635660656
0.0000000000,-0.0339015412
0.0000000000,-0.0039261881
0.0000000000,0.0259152915
0.0000000000,0.0526795005
0.0000000000,0.0765259634
0.0000000000,0.0955487610
0.0000000000,0.1102515237
0.0000000000,0.1197915661
0.0000000000,0.1247442263
0.0000000000,0.1251532222
0.0000000000,0.1214659239
0.0000000000,0.1143596942
0.0000000000,0.1040488442
0.0000000000,0.0915935318
0.0000000000,0.0769512583
0.0000000000,0.0613545936
0.0000000000,0.0445355419
0.0000000000,0.0277418635
0.0000000000,0.0105402127
0.0000000000,-0.0059122934
0.0000000000,-0.0221457366
0.0000000000,-0.0371564579
0.0000000000,-0.0515074043
0.0000000000,-0.0643784125
0.0000000000,-0.0763131489
0.0000000000,-0.0866818613
0.0000000000,-0.0959709615
0.0000000000,-0.1037329344
0.0000000000,-0.1103727181
0.0000000000,-0.1156079408
0.0000000000,-0.1197496565
0.0000000000,-0.1226590790
0.0000000000,-0.1245502325
0.0000000000,-0.1254049337
0.0000000000,-0.1253437306
0.0000000000,-0.1244465879
0.0000000000,-0.1227485512
0.0000000000,-0.1204069614
0.0000000000,0.1219307864
0.0000000000,0.1001466379
0.0000000000,0.0647527354
0.0000000000,0.0208208687
0.0000000000,-0.0230994144
0.0000000000,-0.0635945065
0.0000000000,-0.0947930731
0.0000000000,-0.1158496975
0.0000000000,-0.1249351831
0.0000000000,-0.1229333460
0.0000000000,-0.1112734083
0.0000000000,-0.0913557650
0.0000000000,-0.0663369250
0.0000000000,-0.0372913044
0.0000000000,-0.0077133070
0.0000000000,0.0219664827
0.0000000000,0.0488191779
0.0000000000,0.0729936529
0.0000000000,0.0925379447
0.0000000000,0.1079397932
0.0000000000,0.1182774759
0.0000000000,0.1241180412
0.0000000000,0.1254186558
0.0000000000,0.1226303410
0.0000000000,0.1163540889
0.0000000000,0.1068179973
0.0000000000,0.0950253456
0.0000000000,0.0809528544
0.0000000000,0.0657984034
0.0000000000,0.0493135986
0.0000000000,0.0327321284
0.0000000000,0.0156366785
0.0000000000,-0.0008128662
0.0000000000,-0.0171364745
0.0000000000,-0.0323153888
0.0000000000,-0.0469091891
0.0000000000,-0.0600746155
0.0000000000,-0.0723583849
0.0000000000,-0.0831033425
0.0000000000,-0.0928043154
0.0000000000,-0.1009849645
0.0000000000,-0.1080626122
0.0000000000,-0.1137267298
0.0000000000,-0.1183032706
0.0000000000,-0.1216273493
0.0000000000,-0.1239290770
0.0000000000,-0.1251670569
0.0000000000,-0.1254780080
0.0000000000,-0.1249219668
0.0000000000,0.1081636921
0.0000000000,0.1248853561
0.0000000000,0.1196033109
0.0000000000,0.0954553097
0.0000000000,0.0591169123
0.0000000000,0.0153436519
0.0000000000,-0.0276952784
0.0000000000,-0.0669305683
0.0000000000,-0.0968625059
0.0000000000,-0.1168063006
0.0000000000,-0.1251047922
0.0000000000,-0.1226390300
0.0000000000,-0.1108340991
0.0000000000,-0.0910166276
0.0000000000,-0.0662565051
0.0000000000,-0.0375551483
0.0000000000,-0.0083169485
0.0000000000,0.0210702641
0.0000000000,0.0477312062
0.0000000000,0.0718277928
0.0000000000,0.0914180724
0.0000000000,0.1069857054
0.0000000000,0.1175858376
0.0000000000,0.1237769467
0.0000000000,0.1254756322
0.0000000000,0.1231276232
0.0000000000,0.1172898170
0.0000000000,0.1081909233
0.0000000000,0.0967960229
0.0000000000,0.0830874933
0.0000000000,0.0682357567
0.0000000000,0.0520006785
0.0000000000,0.0356005381
0.0000000000,0.0186262623
0.0000000000,0.0022334252
0.0000000000,-0.0140917471
0.0000000000,-0.0293258203
0.0000000000,-0.0440254001
0.0000000000,-0.0573360488
0.0000000000,-0.0698051014
0.0000000000,-0.0807601068
0.0000000000,-0.0906998673
0.0000000000,-0.0991306589
0.0000000000,-0.1064765250
0.0000000000,-0.1124090502
0.0000000000,-0.1172628710
0.0000000000,-0.1208558606
0.0000000000,-0.1234279695
0.0000000000,-0.1249219668
0.0000000000,0.0333011433
0.0000000000,0.0834608577
0.0000000000,0.1149091112
0.0000000000,0.1254853078
0.0000000000,0.1153571303
0.0000000000,0.0879495250
0.0000000000,0.0501573086
0.0000000000,0.0064156866
0.0000000000,-0.0355056086
0.0000000000,-0.0729331578
0.0000000000,-0.1008494053
0.0000000000,-0.1187895259
0.0000000000,-0.1254017343
0.0000000000,-0.1216010744
0.0000000000,-0.1089117509
0.0000000000,-0.0885932049
0.0000000000,-0.0636801921
0.0000000000,-0.0350864565
0.0000000000,-0.0061294554
0.0000000000,0.0228677046
0.0000000000,0.0491130618
0.0000000000,0.0727998160
0.0000000000,0.0920410951
0.0000000000,0.1073256432
0.0000000000,0.1177321460
0.0000000000,0.1238101530
0.0000000000,0.1254755125
0.0000000000,0.1231612243
0.0000000000,0.1174092657
0.0000000000,0.1084378453
0.0000000000,0.0971918602
0.0000000000,0.0836476573
0.0000000000,0.0689564100
0.0000000000,0.0528761930
0.0000000000,0.0366104379
0.0000000000,0.0197511213
0.0000000000,0.0034446996
0.0000000000,-0.0128203519
0.0000000000,-0.0280240659
0.0000000000,-0.0427209662
0.0000000000,-0.0560552898
0.0000000000,-0.0685733537
0.0000000000,-0.0795977672
0.0000000000,-0.0896278051
0.0000000000,-0.0981623954
0.0000000000,-0.1056275962
0.0000000000,-0.1116863070
0.0000000000,-0.1166765224
0.0000000000,-0.1204069614
0.0000000000,-0.0603713078
0.0000000000,-0.0021805049
0.0000000000,0.0530071540
0.0000000000,0.0968784184
0.0000000000,0.1209091571
0.0000000000,0.1242588571
0.0000000000,0.1085325165
0.0000000000,0.0774204587
0.0000000000,0.0380518454
0.0000000000,-0.0054915766
0.0000000000,-0.0458915321
0.0000000000,-0.0809100315
0.0000000000,-0.1061059995
0.0000000000,-0.1212685832
0.0000000000,-0.1254505466
0.0000000000,-0.1196183720
0.0000000000,-0.1054690432
0.0000000000,-0.0841937824
0.0000000000,-0.0588274476
0.0000000000,-0.0301828096
0.0000000000,-0.0014898820
0.0000000000,0.0270096140
0.0000000000,0.0526322263
0.0000000000,0.0756153843
0.0000000000,0.0941644230
0.0000000000,0.1087789615
0.0000000000,0.1185998696
0.0000000000,0.1241662751
0.0000000000,0.1254267217
0.0000000000,0.1227945956
0.0000000000,0.1168219718
0.0000000000,0.1077068933
0.0000000000,0.0963899990
0.0000000000,0.0828315735
0.0000000000,0.0681712731
0.0000000000,0.0521567427
0.0000000000,0.0359777416
0.0000000000,0.0192210512
0.0000000000,0.0030204501
0.0000000000,-0.0131368448
0.0000000000,-0.0282409495
0.0000000000,-0.0428452075
0.0000000000,-0.0561008154
0.0000000000,-0.0685517822
0.0000000000,-0.0795246757
0.0000000000,-0.0895163027
0.0000000000,-0.0980270088
0.0000000000,-0.1054808314
0.0000000000,-0.1115401347
0.0000000000,-0.1199434761
0.0000000000,-0.0866666541
0.0000000000,-0.0352845331
0.0000000000,0.0230020945
0.0000000000,0.0733334193
0.0000000000,0.1092868812
0.0000000000,0.1247617434
0.0000000000,0.1201696917
0.0000000000,0.0985337963
0.0000000000,0.0637246141
0.0000000000,0.0230375107
0.0000000000,-0.0198519989
0.0000000000,-0.0581574975
0.0000000000,-0.0901036895
0.0000000000,-0.1119069783
0.0000000000,-0.1236221747
0.0000000000,-0.1247755786
0.0000000000,-0.1163853164
0.0000000000,-0.1003667191
0.0000000000,-0.0778344194
0.0000000000,-0.0518411017
0.0000000000,-0.0230859286
0.0000000000,0.0052953788
0.0000000000,0.0331545559
0.0000000000,0.0579401727
0.0000000000,0.0799417756
0.0000000000,0.0974881998
0.0000000000,0.1110921128
0.0000000000,0.1199882702
0.0000000000,0.1247022340
0.0000000000,0.1252424948
0.0000000000,0.1219959547
0.0000000000,0.1155451867
0.0000000000,0.1060594583
0.0000000000,0.0944881828
0.0000000000,0.0807670285
0.0000000000,0.0660304748
0.0000000000,0.0500085401
0.0000000000,0.0338782327
0.0000000000,0.0172160310
0.0000000000,0.0011399848
0.0000000000,-0.0148667310
0.0000000000,-0.0298099784
0.0000000000,-0.0442425087
0.0000000000,-0.0573296057
0.0000000000,-0.0696117141
0.0000000000,-0.0804270641
0.0000000000,-0.0902673436
0.0000000000,-0.0986419570
0.0000000000,-0.1117664669
0.0000000000,-0.1252375352
0.0000000000,-0.1060097366
0.0000000000,-0.0616226688
0.0000000000,-0.0064651935
0.0000000000,0.0492124927
0.0000000000,0.0925427611
0.0000000000,0.1190615327
0.0000000000,0.1251572326
0.0000000000,0.1123481187
0.0000000000,0.0849530380
0.0000000000,0.0468930952
0.0000000000,0.0054958022
0.0000000000,-0.0360300329
0.0000000000,-0.0715287206
0.0000000000,-0.0997001682
0.0000000000,-0.1174843194
0.0000000000,-0.1251932973
0.0000000000,-0.1228678677
0.0000000000,-0.1115635152
0.0000000000,-0.0934334703
0.0000000000,-0.0695015672
0.0000000000,-0.0428391102
0.0000000000,-0.0140200005
0.0000000000,0.0139282531
0.0000000000,0.0409585495
0.0000000000,0.0646746230
0.0000000000,0.0854212168
0.0000000000,0.1016773537
0.0000000000,0.1139673609
0.0000000000,0.1216454425
0.0000000000,0.1252186700
0.0000000000,0.1247768404
0.0000000000,0.1206733024
0.0000000000,0.1135367966
0.0000000000,0.1035000691
0.0000000000,0.0915310612
0.0000000000,0.0775336466
0.0000000000,0.0626415598
0.0000000000,0.0465614427
0.0000000000,0.0304576815
0.0000000000,0.0138925808
0.0000000000,-0.0020345703
0.0000000000,-0.0178465335
0.0000000000,-0.0325700301
0.0000000000,-0.0467572967
0.0000000000,-0.0595939837
0.0000000000,-0.0716155455
0.0000000000,-0.0821786019
0.0000000000,-0.0404590028
0.0000000000,-0.0974586181
0.0000000000,-0.1239577562
0.0000000000,-0.1174523360
0.0000000000,-0.0834229852
0.0000000000,-0.0311717639
0.0000000000,0.0243870331
0.0000000000,0.0745004177
0.0000000000,0.1087737197
0.0000000000,0.1246661926
0.0000000000,0.1210055523
0.0000000000,0.1002045842
0.0000000000,0.0676650204
0.0000000000,0.0272042195
0.0000000000,-0.0139982617
0.0000000000,-0.0532562486
0.0000000000,-0.0851495074
0.0000000000,-0.1088480697
0.0000000000,-0.1220627492
0.0000000000,-0.1253368560
0.0000000000,-0.1192397187
0.0000000000,-0.1048386351
0.0000000000,-0.0845207551
0.0000000000,-0.0592012722
0.0000000000,-0.0319557463
0.0000000000,-0.0032230487
0.0000000000,0.0240978870
0.0000000000,0.0500644097
0.0000000000,0.0724583862
0.0000000000,0.0916782950
0.0000000000,0.1063759681
0.0000000000,0.1170827042
0.0000000000,0.1232921047
0.0000000000,0.1254861843
0.0000000000,0.1238518417
0.0000000000,0.1187016293
0.0000000000,0.1107214880
0.0000000000,0.1000007288
0.0000000000,0.0875321948
0.0000000000,0.0731821276
0.0000000000,0.0580858165
0.0000000000,0.0419222219
0.0000000000,0.0258421617
0.0000000000,0.0093911749
0.0000000000,-0.0063535104
0.0000000000,-0.0219215171
0.0000000000,-0.0363652490
0.0000000000,-0.0502358897
0.0000000000,-0.0627450980
0.0000000000,0.0537014271
0.0000000000,-0.0180469405
0.0000000000,-0.0801931303
0.0000000000,-0.1183987700
0.0000000000,-0.1237245233
0.0000000000,-0.0986915144
0.0000000000,-0.0532388102
0.0000000000,0.0027494683
0.0000000000,0.0550130154
0.0000000000,0.0966982354
0.0000000000,0.1202192641
0.0000000000,0.1248101668
0.0000000000,0.1115620382
0.0000000000,0.0835218294
0.0000000000,0.0468889048
0.0000000000,0.0052180679
0.0000000000,-0.0346637949
0.0000000000,-0.0706336347
0.0000000000,-0.0981040829
0.0000000000,-0.1166907563
0.0000000000,-0.1248997335
0.0000000000,-0.1234643930
0.0000000000,-0.1134710605
0.0000000000,-0.0959656405
0.0000000000,-0.0735446122
0.0000000000,-0.0469955843
0.0000000000,-0.0193714168
0.0000000000,0.0090307996
0.0000000000,0.0354660086
0.0000000000,0.0600947373
0.0000000000,0.0808992457
0.0000000000,0.0983260769
0.0000000000,0.1112184952
0.0000000000,0.1201072067
0.0000000000,0.1246398559
0.0000000000,0.1252655239
0.0000000000,0.1222787655
0.0000000000,0.1159441128
0.0000000000,0.1070113228
0.0000000000,0.0955202712
0.0000000000,0.0824917901
0.0000000000,0.0677500101
0.0000000000,0.0524319244
0.0000000000,0.0361859478
0.0000000000,0.0201472187
0.0000000000,0.0038431971
0.0000000000,-0.0116746460
0.0000000000,-0.0269427336
0.0000000000,-0.0410438228
0.0000000000,0.1175290067
0.0000000000,0.0709258551
0.0000000000,0.0034958246
0.0000000000,-0.0640197203
0.0000000000,-0.1096612183
0.0000000000,-0.1254815327
0.0000000000,-0.1101906475
0.0000000000,-0.0700049331
0.0000000000,-0.0176514463
0.0000000000,0.0374821263
0.0000000000,0.0828335502
0.0000000000,0.1136610083
0.0000000000,0.1253329451
0.0000000000,0.1186041070
0.0000000000,0.0965323650
0.0000000000,0.0625136415
0.0000000000,0.0232110278
0.0000000000,-0.0182278446
0.0000000000,-0.0555364832
0.0000000000,-0.0871717741
0.0000000000,-0.1094572226
0.0000000000,-0.1224098896
0.0000000000,-0.1253292495
0.0000000000,-0.1190861545
0.0000000000,-0.1052484347
0.0000000000,-0.0848035403
0.0000000000,-0.0605154904
0.0000000000,-0.0330268129
0.0000000000,-0.0053311988
0.0000000000,0.0224186793
0.0000000000,0.0476598804
0.0000000000,0.0706502162
0.0000000000,0.0895929473
0.0000000000,0.1049732446
0.0000000000,0.1158402229
0.0000000000,0.1227141122
0.0000000000,0.1254061338
0.0000000000,0.1243237079
0.0000000000,0.1198746849
0.0000000000,0.1122686686
0.0000000000,0.1023217436
0.0000000000,0.0900194096
0.0000000000,0.0764105170
0.0000000000,0.0612740074
0.0000000000,0.0457467092
0.0000000000,0.0294450540
0.0000000000,0.0134852732
0.0000000000,-0.0026233207
0.0000000000,-0.0178591170
0.0000000000,0.1149712037
0.0000000000,0.1223227262
0.0000000000,0.0854443753
0.0000000000,0.0202745219
0.0000000000,-0.0474125191
0.0000000000,-0.1004856479
0.0000000000,-0.1243526088
0.0000000000,-0.1172101818
0.0000000000,-0.0842504587
0.0000000000,-0.0338463773
0.0000000000,0.0202300778
0.0000000000,0.0699510412
0.0000000000,0.1052590578
0.0000000000,0.1235314222
0.0000000000,0.1230278850
0.0000000000,0.1056876060
0.0000000000,0.0761380701
0.0000000000,0.0378401925
0.0000000000,-0.0024344116
0.0000000000,-0.0420600727
0.0000000000,-0.0755212869
0.0000000000,-0.1018432128
0.0000000000,-0.1183091259
0.0000000000,-0.1252756698
0.0000000000,-0.1228059411
0.0000000000,-0.1118484113
0.0000000000,-0.0943956424
0.0000000000,-0.0713395152
0.0000000000,-0.0455564698
0.0000000000,-0.0175302202
0.0000000000,0.0098473372
0.0000000000,0.0365656204
0.0000000000,0.0602727590
0.0000000000,0.0813134629
0.0000000000,0.0981298353
0.0000000000,0.1112330550
0.0000000000,0.1198879921
0.0000000000,0.1245928587
0.0000000000,0.1253270288
0.0000000000,0.1224472212
0.0000000000,0.1164756613
0.0000000000,0.1075607797
0.0000000000,0.0965837781
0.0000000000,0.0834720732
0.0000000000,0.0692998277
0.0000000000,0.0537991630
0.0000000000,0.0381030898
0.0000000000,0.0217960152
0.0000000000,0.0059710639
0.0000000000,0.0474727742
0.0000000000,0.1089140404
0.0000000000,0.1248542532
0.0000000000,0.0950948672
0.0000000000,0.0356693512
0.0000000000,-0.0340195968
0.0000000000,-0.0902252384
0.0000000000,-0.1216381476
0.0000000000,-0.1218990451
0.0000000000,-0.0942373831
0.0000000000,-0.0485322181
0.0000000000,0.0062019906
0.0000000000,0.0567611105
0.0000000000,0.0970510106
0.0000000000,0.1200219822
0.0000000000,0.1249871165
0.0000000000,0.1128351357
0.0000000000,0.0863055682
0.0000000000,0.0511294330
0.0000000000,0.0105750605
0.0000000000,-0.0288255970
0.0000000000,-0.0650426974
0.0000000000,-0.0934681294
0.0000000000,-0.1136541959
0.0000000000,-0.1238572481
0.0000000000,-0.1246977198
0.0000000000,-0.1169450997
0.0000000000,-0.1015630305
0.0000000000,-0.0808943959
0.0000000000,-0.0557018780
0.0000000000,-0.0289101019
0.0000000000,-0.0008358707
0.0000000000,0.0257760784
0.0000000000,0.0510494850
0.0000000000,0.0728710256
0.0000000000,0.0916578044
0.0000000000,0.1061047614
0.0000000000,0.1167340066
0.0000000000,0.1230312740
0.0000000000,0.1254602909
0.0000000000,0.1241683910
0.0000000000,0.1194528066
0.0000000000,0.1119470562
0.0000000000,0.1017331717
0.0000000000,0.0897529806
0.0000000000,0.0758735073
0.0000000000,0.0611891775
0.0000000000,0.0453851344
0.0000000000,0.0295854350
0.0000000000,-0.0468402976
0.0000000000,0.0378036074
0.0000000000,0.1021051624
0.0000000000,0.1254791975
0.0000000000,0.1030780256
0.0000000000,0.0464862538
0.0000000000,-0.0210610762
0.0000000000,-0.0816727905
0.0000000000,-0.1176602716
0.0000000000,-0.1241754644
0.0000000000,-0.1025194168
0.0000000000,-0.0593237629
0.0000000000,-0.0070645552
0.0000000000,0.0458954874
0.0000000000,0.0882354558
0.0000000000,0.1160524824
0.0000000000,0.1254796919
0.0000000000,0.1174308626
0.0000000000,0.0949947595
0.0000000000,0.0613185959
0.0000000000,0.0227403426
0.0000000000,-0.0178743563
0.0000000000,-0.0545480527
0.0000000000,-0.0858740086
0.0000000000,-0.1082610505
0.0000000000,-0.1217206589
0.0000000000,-0.1254571589
0.0000000000,-0.1202703146
0.0000000000,-0.1075538880
0.0000000000,-0.0882263905
0.0000000000,-0.0648934879
0.0000000000,-0.0381615394
0.0000000000,-0.0109343664
0.0000000000,0.0166393202
0.0000000000,0.0420067723
0.0000000000,0.0654128099
0.0000000000,0.0850066589
0.0000000000,0.1012598357
0.0000000000,0.1131293510
0.0000000000,0.1211315558
0.0000000000,0.1249731982
0.0000000000,0.1250708933
0.0000000000,0.1217352422
0.0000000000,0.1151960165
0.0000000000,0.1061912441
0.0000000000,0.0947326765
0.0000000000,0.0818154847
0.0000000000,0.0672455201
0.0000000000,0.0521305114
0.0000000000,-0.1146959768
0.0000000000,-0.0533348605
0.0000000000,0.0285227887
0.0000000000,0.0972294955
0.0000000000,0.1251939761
0.0000000000,0.1078073479
0.0000000000,0.0562816461
0.0000000000,-0.0118999541
0.0000000000,-0.0729906798
0.0000000000,-0.1139860940
0.0000000000,-0.1252957126
0.0000000000,-0.1078548608
0.0000000000,-0.0689825149
0.0000000000,-0.0169289124
0.0000000000,0.0352905434
0.0000000000,0.0809020056
0.0000000000,0.1113763612
0.0000000000,0.1249625380
0.0000000000,0.1208409466
0.0000000000,0.1010938601
0.0000000000,0.0704641710
0.0000000000,0.0321431625
0.0000000000,-0.0074114169
0.0000000000,-0.0458847384
0.0000000000,-0.0781136148
0.0000000000,-0.1032950708
0.0000000000,-0.1189100828
0.0000000000,-0.1253401487
0.0000000000,-0.1226748885
0.0000000000,-0.1118063709
0.0000000000,-0.0946500546
0.0000000000,-0.0720255457
0.0000000000,-0.0467057192
0.0000000000,-0.0191222733
0.0000000000,0.0079112403
0.0000000000,0.0344078641
0.0000000000,0.0580481897
0.0000000000,0.0791798269
0.0000000000,0.0962334269
0.0000000000,0.1097143292
0.0000000000,0.1188454384
0.0000000000,0.1241199648
0.0000000000,0.1254608734
0.0000000000,0.1232256315
0.0000000000,0.1178792909
0.0000000000,0.1095775043
0.0000000000,0.0991528423
0.0000000000,0.0865445037
0.0000000000,0.0727914553
0.0000000000,-0.1177664893
0.0000000000,-0.1162169656
0.0000000000,-0.0592597190
0.0000000000,0.0235463075
0.0000000000,0.0922994024
0.0000000000,0.1246366291
0.0000000000,0.1117687508
0.0000000000,0.0622159154
0.0000000000,-0.0032397851
0.0000000000,-0.0669619793
0.0000000000,-0.1099271141
0.0000000000,-0.1254884547
0.0000000000,-0.1122724992
0.0000000000,-0.0754491550
0.0000000000,-0.0261168509
0.0000000000,0.0274760538
0.0000000000,0.0735314809
0.0000000000,0.1073873679
0.0000000000,0.1237653443
0.0000000000,0.1227861131
0.0000000000,0.1062826741
0.0000000000,0.0770370515
0.0000000000,0.0408415987
0.0000000000,0.0006281655
0.0000000000,-0.0374670217
0.0000000000,-0.0717594920
0.0000000000,-0.0980897436
0.0000000000,-0.1161976642
0.0000000000,-0.1246352010
0.0000000000,-0.1240512430
0.0000000000,-0.1153245270
0.0000000000,-0.0993560597
0.0000000000,-0.0784657773
0.0000000000,-0.0533307752
0.0000000000,-0.0267928465
0.0000000000,0.0008991310
0.0000000000,0.0270878731
0.0000000000,0.0519344028
0.0000000000,0.0733880592
0.0000000000,0.0918767350
0.0000000000,0.1061250333
0.0000000000,0.1166499661
0.0000000000,0.1229384089
0.0000000000,0.1254432991
0.0000000000,0.1242942836
0.0000000000,0.1197789342
0.0000000000,0.1125042954
0.0000000000,0.1025469810
0.0000000000,0.0908215264
0.0000000000,-0.0543174790
0.0000000000,-0.1175282947
0.0000000000,-0.1175396434
0.0000000000,-0.0611396203
0.0000000000,0.0188482568
0.0000000000,0.0900286966
0.0000000000,0.1238531611
0.0000000000,0.1136253291
0.0000000000,0.0676243754
0.0000000000,0.0017009801
0.0000000000,-0.0610924211
0.0000000000,-0.1071729963
0.0000000000,-0.1252445203
0.0000000000,-0.1147865339
0.0000000000,-0.0812615653
0.0000000000,-0.0321566408
0.0000000000,0.0200122576
0.0000000000,0.0682364673
0.0000000000,0.1032132365
0.0000000000,0.1225151858
0.0000000000,0.1241441104
0.0000000000,0.1096512113
0.0000000000,0.0829426549
0.0000000000,0.0470517603
0.0000000000,0.0082154690
0.0000000000,-0.0311163511
0.0000000000,-0.0654952917
0.0000000000,-0.0938795276
0.0000000000,-0.1132245209
0.0000000000,-0.1237196022
0.0000000000,-0.1249330974
0.0000000000,-0.1176739098
0.0000000000,-0.1034868459
0.0000000000,-0.0832078062
0.0000000000,-0.0594359524
0.0000000000,-0.0326750299
0.0000000000,-0.0057398840
0.0000000000,0.0213009597
0.0000000000,0.0460056181
0.0000000000,0.0686626106
0.0000000000,0.0875176147
0.0000000000,0.1030532390
0.0000000000,0.1142934705
0.0000000000,0.1217444230
0.0000000000,0.1251492624
0.0000000000,0.1249046760
0.0000000000,0.1213331210
0.0000000000,0.1146434128
0.0000000000,0.1055690708
0.0000000000,0.0398123540
0.0000000000,-0.0565741168
0.0000000000,-0.1173021940
0.0000000000,-0.1172561714
0.0000000000,-0.0628848566
0.0000000000,0.0182661545
0.0000000000,0.0878421882
0.0000000000,0.1235657956
0.0000000000,0.1152512206
0.0000000000,0.0698142657
0.0000000000,0.0063411839
0.0000000000,-0.0581553696
0.0000000000,-0.1043956253
0.0000000000,-0.1249395641
0.0000000000,-0.1169201950
0.0000000000,-0.0845252647
0.0000000000,-0.0377728799
0.0000000000,0.0153758384
0.0000000000,0.0630830624
0.0000000000,0.1003295401
0.0000000000,0.1210306879
0.0000000000,0.1247869351
0.0000000000,0.1125500804
0.0000000000,0.0867858009
0.0000000000,0.0527937284
0.0000000000,0.0134760109
0.0000000000,-0.0250391723
0.0000000000,-0.0609163920
0.0000000000,-0.0896669979
0.0000000000,-0.1108450708
0.0000000000,-0.1225537805
0.0000000000,-0.1253174697
0.0000000000,-0.1196200043
0.0000000000,-0.1063267842
0.0000000000,-0.0875070782
0.0000000000,-0.0638714982
0.0000000000,-0.0381719328
0.0000000000,-0.0107220836
0.0000000000,0.0157789696
0.0000000000,0.0414304223
0.0000000000,0.0640553813
0.0000000000,0.0840439152
0.0000000000,0.0999565859
0.0000000000,0.1123034608
0.0000000000,0.1204059820
0.0000000000,0.1247375238
0.0000000000,0.1252844037
0.0000000000,0.1223730424
0.0000000000,0.1165010739
0.0000000000,0.1114544759
0.0000000000,0.0343525549
0.0000000000,-0.0586655855
0.0000000000,-0.1185811532
0.0000000000,-0.1169862179
0.0000000000,-0.0610347822
0.0000000000,0.0177198234
0.0000000000,0.0884094205
0.0000000000,0.1232750537
0.0000000000,0.1153669868
0.0000000000,0.0718442857
0.0000000000,0.0075221995
0.0000000000,-0.0553558310
0.0000000000,-0.1033268490
0.0000000000,-0.1245419928
0.0000000000,-0.1177999322
0.0000000000,-0.0875061590
0.0000000000,-0.0405740268
0.0000000000,0.0109869387
0.0000000000,0.0601975996
0.0000000000,0.0974684373
0.0000000000,0.1200315838
0.0000000000,0.1252041163
0.0000000000,0.1141811251
0.0000000000,0.0902760459
0.0000000000,0.0563580263
0.0000000000,0.0184225012
0.0000000000,-0.0210459473
0.0000000000,-0.0564899073
0.0000000000,-0.0867328894
0.0000000000,-0.1084148824
0.0000000000,-0.1215933863
0.0000000000,-0.1254796654
0.0000000000,-0.1208100096
0.0000000000,-0.1088469142
0.0000000000,-0.0904201732
0.0000000000,-0.0679724053
0.0000000000,-0.0420456557
0.0000000000,-0.0154231829
0.0000000000,0.0117737691
0.0000000000,0.0370398402
0.0000000000,0.0606204089
0.0000000000,0.0806417486
0.0000000000,0.0975656964
0.0000000000,0.1102766219
0.0000000000,0.1192845610
0.0000000000,0.1241993037
0.0000000000,0.1254414460
0.0000000000,0.1232224248
0.0000000000,0.1201423687
0.0000000000,0.1070795304
0.0000000000,0.0291778156
0.0000000000,-0.0644954271
0.0000000000,-0.1196835631
0.0000000000,-0.1151468226
0.0000000000,-0.0592836066
0.0000000000,0.0209869511
0.0000000000,0.0889386982
0.0000000000,0.1236387264
0.0000000000,0.1154751890
0.0000000000,0.0710448616
0.0000000000,0.0086322015
0.0000000000,-0.0554433974
0.0000000000,-0.1022992930
0.0000000000,-0.1244640144
0.0000000000,-0.1185861818
0.0000000000,-0.0883719622
0.0000000000,-0.0431932492
0.0000000000,0.0092979046
0.0000000000,0.0574383358
0.0000000000,0.0961431620
0.0000000000,0.1189986887
0.0000000000,0.1253428200
0.0000000000,0.1156244681
0.0000000000,0.0920872009
0.0000000000,0.0596728466
0.0000000000,0.0212108973
0.0000000000,-0.0172525213
0.0000000000,-0.0538275892
0.0000000000,-0.0838730934
0.0000000000,-0.1068394740
0.0000000000,-0.1205625752
0.0000000000,-0.1254811696
0.0000000000,-0.1218139404
0.0000000000,-0.1103891641
0.0000000000,-0.0930868539
0.0000000000,-0.0706263160
0.0000000000,-0.0456718273
0.0000000000,-0.0185718728
0.0000000000,0.0079696091
0.0000000000,0.0340129772
0.0000000000,0.0573108596
0.0000000000,0.0782262377
0.0000000000,0.0952142952
0.0000000000,0.1087768592
0.0000000000,0.1181214415
0.0000000000,0.1237317470
0.0000000000,0.1254901961
