-0.0078125000,-0.0078125000
0.0035985043,-0.0078125000
0.0150095086,-0.0078125000
0.0269910631,-0.0078125000
0.0389726176,-0.0078125000
0.0515532498,-0.0078125000
0.0641338820,-0.0078125000
0.0773435459,-0.0078125000
0.0905532097,-0.0078125000
0.1044233567,-0.0078125000
0.1182935038,-0.0078125000
0.1328571582,-0.0078125000
0.1474208125,-0.0078125000
0.1627126496,-0.0078125000
0.1780044868,-0.0078125000
0.1940609157,-0.0078125000
0.2101173447,-0.0078125000
0.2269765951,-0.0078125000
0.2438358455,-0.0078125000
0.2615380584,-0.0078125000
0.2792402713,-0.0078125000
0.2978275949,-0.0078125000
0.3164149185,-0.0078125000
0.3359316082,-0.0078125000
0.3554482980,-0.0078125000
0.3759408222,-0.0078125000
0.3964333464,-0.0078125000
0.4179504969,-0.0078125000
0.4394676473,-0.0078125000
0.4620606553,-0.0078125000
0.4846536633,-0.0078125000
0.5083763217,-0.0078125000
0.5320989800,-0.0078125000
0.5570077713,-0.0078125000
0.5819165626,-0.0078125000
0.6080707935,-0.0078125000
0.6342250243,-0.0078125000
0.6616869667,-0.0078125000
0.6891489091,-0.0078125000
0.7179839486,-0.0078125000
0.7468189881,-0.0078125000
0.7770957796,-0.0078125000
0.8073725711,-0.0078125000
0.8391632022,-0.0078125000
0.8709538333,-0.0078125000
0.9043339959,-0.0078125000
0.9377141585,-0.0078125000
0.9727633292,-0.0078125000
1.0078125000,-0.0078125000
-0.0078125000,0.0075757576
0.0035985043,0.0075757576
0.0150095086,0.0075757576
0.0269910631,0.0075757576
0.0389726176,0.0075757576
0.0515532498,0.0075757576
0.0641338820,0.0075757576
0.0773435459,0.0075757576
0.0905532097,0.0075757576
0.1044233567,0.0075757576
0.1182935038,0.0075757576
0.1328571582,0.0075757576
0.1474208125,0.0075757576
0.1627126496,0.0075757576
0.1780044868,0.0075757576
0.1940609157,0.0075757576
0.2101173447,0.0075757576
0.2269765951,0.0075757576
0.2438358455,0.0075757576
0.2615380584,0.0075757576
0.2792402713,0.0075757576
0.2978275949,0.0075757576
0.3164149185,0.0075757576
0.3359316082,0.0075757576
0.3554482980,0.0075757576
0.3759408222,0.0075757576
0.3964333464,0.0075757576
0.4179504969,0.0075757576
0.4394676473,0.0075757576
0.4620606553,0.0075757576
0.4846536633,0.0075757576
0.5083763217,0.0075757576
0.5320989800,0.0075757576
0.5570077713,0.0075757576
0.5819165626,0.0075757576
0.6080707935,0.0075757576
0.6342250243,0.0075757576
0.6616869667,0.0075757576
0.6891489091,0.0075757576
0.7179839486,0.0075757576
0.7468189881,0.0075757576
0.7770957796,0.0075757576
0.8073725711,0.0075757576
0.8391632022,0.0075757576
0.8709538333,0.0075757576
0.9043339959,0.0075757576
0.9377141585,0.0075757576
0.9727633292,0.0075757576
1.0078125000,0.0075757576
-0.0078125000,0.0229640152
0.0035985043,0.0229640152
0.0150095086,0.0229640152
0.0269910631,0.0229640152
0.0389726176,0.0229640152
0.0515532498,0.0229640152
0.0641338820,0.0229640152
0.0773435459,0.0229640152
0.0905532097,0.0229640152
0.1044233567,0.0229640152
0.1182935038,0.0229640152
0.1328571582,0.0229640152
0.1474208125,0.0229640152
0.1627126496,0.0229640152
0.1780044868,0.0229640152
0.1940609157,0.0229640152
0.2101173447,0.0229640152
0.2269765951,0.0229640152
0.2438358455,0.0229640152
0.2615380584,0.0229640152
0.2792402713,0.0229640152
0.2978275949,0.0229640152
0.3164149185,0.0229640152
0.3359316082,0.0229640152
0.3554482980,0.0229640152
0.3759408222,0.0229640152
0.3964333464,0.0229640152
0.4179504969,0.0229640152
0.4394676473,0.0229640152
0.4620606553,0.0229640152
0.4846536633,0.0229640152
0.5083763217,0.0229640152
0.5320989800,0.0229640152
0.5570077713,0.0229640152
0.5819165626,0.0229640152
0.6080707935,0.0229640152
0.6342250243,0.0229640152
0.6616869667,0.0229640152
0.6891489091,0.0229640152
0.7179839486,0.0229640152
0.7468189881,0.0229640152
0.7770957796,0.0229640152
0.8073725711,0.0229640152
0.8391632022,0.0229640152
0.8709538333,0.0229640152
0.9043339959,0.0229640152
0.9377141585,0.0229640152
0.9727633292,0.0229640152
1.0078125000,0.0229640152
-0.0078125000,0.0383522727
0.0035985043,0.0383522727
0.0150095086,0.0383522727
0.0269910631,0.0383522727
0.0389726176,0.0383522727
0.0515532498,0.0383522727
0.0641338820,0.0383522727
0.0773435459,0.0383522727
0.0905532097,0.0383522727
0.1044233567,0.0383522727
0.1182935038,0.0383522727
0.1328571582,0.0383522727
0.1474208125,0.0383522727
0.1627126496,0.0383522727
0.1780044868,0.0383522727
0.1940609157,0.0383522727
0.2101173447,0.0383522727
0.2269765951,0.0383522727
0.2438358455,0.0383522727
0.2615380584,0.0383522727
0.2792402713,0.0383522727
0.2978275949,0.0383522727
0.3164149185,0.0383522727
0.3359316082,0.0383522727
0.3554482980,0.0383522727
0.3759408222,0.0383522727
0.3964333464,0.0383522727
0.4179504969,0.0383522727
0.4394676473,0.0383522727
0.4620606553,0.0383522727
0.4846536633,0.0383522727
0.5083763217,0.0383522727
0.5320989800,0.0383522727
0.5570077713,0.0383522727
0.5819165626,0.0383522727
0.6080707935,0.0383522727
0.6342250243,0.0383522727
0.6616869667,0.0383522727
0.6891489091,0.0383522727
0.7179839486,0.0383522727
0.7468189881,0.0383522727
0.7770957796,0.0383522727
0.8073725711,0.0383522727
0.8391632022,0.0383522727
0.8709538333,0.0383522727
0.9043339959,0.0383522727
0.9377141585,0.0383522727
0.9727633292,0.0383522727
1.0078125000,0.0383522727
-0.0078125000,0.0537405303
0.0035985043,0.0537405303
0.0150095086,0.0537405303
0.0269910631,0.0537405303
0.0389726176,0.0537405303
0.0515532498,0.0537405303
0.0641338820,0.0537405303
0.0773435459,0.0537405303
0.0905532097,0.0537405303
0.1044233567,0.0537405303
0.1182935038,0.0537405303
0.1328571582,0.0537405303
0.1474208125,0.0537405303
0.1627126496,0.0537405303
0.1780044868,0.0537405303
0.1940609157,0.0537405303
0.2101173447,0.0537405303
0.2269765951,0.0537405303
0.2438358455,0.0537405303
0.2615380584,0.0537405303
0.2792402713,0.0537405303
0.2978275949,0.0537405303
0.3164149185,0.0537405303
0.3359316082,0.0537405303
0.3554482980,0.0537405303
0.3759408222,0.0537405303
0.3964333464,0.0537405303
0.4179504969,0.0537405303
0.4394676473,0.0537405303
0.4620606553,0.0537405303
0.4846536633,0.0537405303
0.5083763217,0.0537405303
0.5320989800,0.0537405303
0.5570077713,0.0537405303
0.5819165626,0.0537405303
0.6080707935,0.0537405303
0.6342250243,0.0537405303
0.6616869667,0.0537405303
0.6891489091,0.0537405303
0.7179839486,0.0537405303
0.7468189881,0.0537405303
0.7770957796,0.0537405303
0.8073725711,0.0537405303
0.8391632022,0.0537405303
0.8709538333,0.0537405303
0.9043339959,0.0537405303
0.9377141585,0.0537405303
0.9727633292,0.0537405303
1.0078125000,0.0537405303
-0.0078125000,0.0691287879
0.0035985043,0.0691287879
0.0150095086,0.0691287879
0.0269910631,0.0691287879
0.0389726176,0.0691287879
0.0515532498,0.0691287879
0.0641338820,0.0691287879
0.0773435459,0.0691287879
0.0905532097,0.0691287879
0.1044233567,0.0691287879
0.1182935038,0.0691287879
0.1328571582,0.0691287879
0.1474208125,0.0691287879
0.1627126496,0.0691287879
0.1780044868,0.0691287879
0.1940609157,0.0691287879
0.2101173447,0.0691287879
0.2269765951,0.0691287879
0.2438358455,0.0691287879
0.2615380584,0.0691287879
0.2792402713,0.0691287879
0.2978275949,0.0691287879
0.3164149185,0.0691287879
0.3359316082,0.0691287879
0.3554482980,0.0691287879
0.3759408222,0.0691287879
0.3964333464,0.0691287879
0.4179504969,0.0691287879
0.4394676473,0.0691287879
0.4620606553,0.0691287879
0.4846536633,0.0691287879
0.5083763217,0.0691287879
0.5320989800,0.0691287879
0.5570077713,0.0691287879
0.5819165626,0.0691287879
0.6080707935,0.0691287879
0.6342250243,0.0691287879
0.6616869667,0.0691287879
0.6891489091,0.0691287879
0.7179839486,0.0691287879
0.7468189881,0.0691287879
0.7770957796,0.0691287879
0.8073725711,0.0691287879
0.8391632022,0.0691287879
0.8709538333,0.0691287879
0.9043339959,0.0691287879
0.9377141585,0.0691287879
0.9727633292,0.0691287879
1.0078125000,0.0691287879
-0.0078125000,0.0845170455
0.0035985043,0.0845170455
0.0150095086,0.0845170455
0.0269910631,0.0845170455
0.0389726176,0.0845170455
0.0515532498,0.0845170455
0.0641338820,0.0845170455
0.0773435459,0.0845170455
0.0905532097,0.0845170455
0.1044233567,0.0845170455
0.1182935038,0.0845170455
0.1328571582,0.0845170455
0.1474208125,0.0845170455
0.1627126496,0.0845170455
0.1780044868,0.0845170455
0.1940609157,0.0845170455
0.2101173447,0.0845170455
0.2269765951,0.0845170455
0.2438358455,0.0845170455
0.2615380584,0.0845170455
0.2792402713,0.0845170455
0.2978275949,0.0845170455
0.3164149185,0.0845170455
0.3359316082,0.0845170455
0.3554482980,0.0845170455
0.3759408222,0.0845170455
0.3964333464,0.0845170455
0.4179504969,0.0845170455
0.4394676473,0.0845170455
0.4620606553,0.0845170455
0.4846536633,0.0845170455
0.5083763217,0.0845170455
0.5320989800,0.0845170455
0.5570077713,0.0845170455
0.5819165626,0.0845170455
0.6080707935,0.0845170455
0.6342250243,0.0845170455
0.6616869667,0.0845170455
0.6891489091,0.0845170455
0.7179839486,0.0845170455
0.7468189881,0.0845170455
0.7770957796,0.0845170455
0.8073725711,0.0845170455
0.8391632022,0.0845170455
0.8709538333,0.0845170455
0.9043339959,0.0845170455
0.9377141585,0.0845170455
0.9727633292,0.0845170455
1.0078125000,0.0845170455
-0.0078125000,0.0999053030
0.0035985043,0.0999053030
0.0150095086,0.0999053030
0.0269910631,0.0999053030
0.0389726176,0.0999053030
0.0515532498,0.0999053030
0.0641338820,0.0999053030
0.0773435459,0.0999053030
0.0905532097,0.0999053030
0.1044233567,0.0999053030
0.1182935038,0.0999053030
0.1328571582,0.0999053030
0.1474208125,0.0999053030
0.1627126496,0.0999053030
0.1780044868,0.0999053030
0.1940609157,0.0999053030
0.2101173447,0.0999053030
0.2269765951,0.0999053030
0.2438358455,0.0999053030
0.2615380584,0.0999053030
0.2792402713,0.0999053030
0.2978275949,0.0999053030
0.3164149185,0.0999053030
0.3359316082,0.0999053030
0.3554482980,0.0999053030
0.3759408222,0.0999053030
0.3964333464,0.0999053030
0.4179504969,0.0999053030
0.4394676473,0.0999053030
0.4620606553,0.0999053030
0.4846536633,0.0999053030
0.5083763217,0.0999053030
0.5320989800,0.0999053030
0.5570077713,0.0999053030
0.5819165626,0.0999053030
0.6080707935,0.0999053030
0.6342250243,0.0999053030
0.6616869667,0.0999053030
0.6891489091,0.0999053030
0.7179839486,0.0999053030
0.7468189881,0.0999053030
0.7770957796,0.0999053030
0.8073725711,0.0999053030
0.8391632022,0.0999053030
0.8709538333,0.0999053030
0.9043339959,0.0999053030
0.9377141585,0.0999053030
0.9727633292,0.0999053030
1.0078125000,0.0999053030
-0.0078125000,0.1152935606
0.0035985043,0.1152935606
0.0150095086,0.1152935606
0.0269910631,0.1152935606
0.0389726176,0.1152935606
0.0515532498,0.1152935606
0.0641338820,0.1152935606
0.0773435459,0.1152935606
0.0905532097,0.1152935606
0.1044233567,0.1152935606
0.1182935038,0.1152935606
0.1328571582,0.1152935606
0.1474208125,0.1152935606
0.1627126496,0.1152935606
0.1780044868,0.1152935606
0.1940609157,0.1152935606
0.2101173447,0.1152935606
0.2269765951,0.1152935606
0.2438358455,0.1152935606
0.2615380584,0.1152935606
0.2792402713,0.1152935606
0.2978275949,0.1152935606
0.3164149185,0.1152935606
0.3359316082,0.1152935606
0.3554482980,0.1152935606
0.3759408222,0.1152935606
0.3964333464,0.1152935606
0.4179504969,0.1152935606
0.4394676473,0.1152935606
0.4620606553,0.1152935606
0.4846536633,0.1152935606
0.5083763217,0.1152935606
0.5320989800,0.1152935606
0.5570077713,0.1152935606
0.5819165626,0.1152935606
0.6080707935,0.1152935606
0.6342250243,0.1152935606
0.6616869667,0.1152935606
0.6891489091,0.1152935606
0.7179839486,0.1152935606
0.7468189881,0.1152935606
0.7770957796,0.1152935606
0.8073725711,0.1152935606
0.8391632022,0.1152935606
0.8709538333,0.1152935606
0.9043339959,0.1152935606
0.9377141585,0.1152935606
0.9727633292,0.1152935606
1.0078125000,0.1152935606
-0.0078125000,0.1306818182
0.0035985043,0.1306818182
0.0150095086,0.1306818182
0.0269910631,0.1306818182
0.0389726176,0.1306818182
0.0515532498,0.1306818182
0.0641338820,0.1306818182
0.0773435459,0.1306818182
0.0905532097,0.1306818182
0.1044233567,0.1306818182
0.1182935038,0.1306818182
0.1328571582,0.1306818182
0.1474208125,0.1306818182
0.1627126496,0.1306818182
0.1780044868,0.1306818182
0.1940609157,0.1306818182
0.2101173447,0.1306818182
0.2269765951,0.1306818182
0.2438358455,0.1306818182
0.2615380584,0.1306818182
0.2792402713,0.1306818182
0.2978275949,0.1306818182
0.3164149185,0.1306818182
0.3359316082,0.1306818182
0.3554482980,0.1306818182
0.3759408222,0.1306818182
0.3964333464,0.1306818182
0.4179504969,0.1306818182
0.4394676473,0.1306818182
0.4620606553,0.1306818182
0.4846536633,0.1306818182
0.5083763217,0.1306818182
0.5320989800,0.1306818182
0.5570077713,0.1306818182
0.5819165626,0.1306818182
0.6080707935,0.1306818182
0.6342250243,0.1306818182
0.6616869667,0.1306818182
0.6891489091,0.1306818182
0.7179839486,0.1306818182
0.7468189881,0.1306818182
0.7770957796,0.1306818182
0.8073725711,0.1306818182
0.8391632022,0.1306818182
0.8709538333,0.1306818182
0.9043339959,0.1306818182
0.9377141585,0.1306818182
0.9727633292,0.1306818182
1.0078125000,0.1306818182
-0.0078125000,0.1460700758
0.0035985043,0.1460700758
0.0150095086,0.1460700758
0.0269910631,0.1460700758
0.0389726176,0.1460700758
0.0515532498,0.1460700758
0.0641338820,0.1460700758
0.0773435459,0.1460700758
0.0905532097,0.1460700758
0.1044233567,0.1460700758
0.1182935038,0.1460700758
0.1328571582,0.1460700758
0.1474208125,0.1460700758
0.1627126496,0.1460700758
0.1780044868,0.1460700758
0.1940609157,0.1460700758
0.2101173447,0.1460700758
0.2269765951,0.1460700758
0.2438358455,0.1460700758
0.2615380584,0.1460700758
0.2792402713,0.1460700758
0.2978275949,0.1460700758
0.3164149185,0.1460700758
0.3359316082,0.1460700758
0.3554482980,0.1460700758
0.3759408222,0.1460700758
0.3964333464,0.1460700758
0.4179504969,0.1460700758
0.4394676473,0.1460700758
0.4620606553,0.1460700758
0.4846536633,0.1460700758
0.5083763217,0.1460700758
0.5320989800,0.1460700758
0.5570077713,0.1460700758
0.5819165626,0.1460700758
0.6080707935,0.1460700758
0.6342250243,0.1460700758
0.6616869667,0.1460700758
0.6891489091,0.1460700758
0.7179839486,0.1460700758
0.7468189881,0.1460700758
0.7770957796,0.1460700758
0.8073725711,0.1460700758
0.8391632022,0.1460700758
0.8709538333,0.1460700758
0.9043339959,0.1460700758
0.9377141585,0.1460700758
0.9727633292,0.1460700758
1.0078125000,0.1460700758
-0.0078125000,0.1614583333
0.0035985043,0.1614583333
0.0150095086,0.1614583333
0.0269910631,0.1614583333
0.0389726176,0.1614583333
0.0515532498,0.1614583333
0.0641338820,0.1614583333
0.0773435459,0.1614583333
0.0905532097,0.1614583333
0.1044233567,0.1614583333
0.1182935038,0.1614583333
0.1328571582,0.1614583333
0.1474208125,0.1614583333
0.1627126496,0.1614583333
0.1780044868,0.1614583333
0.1940609157,0.1614583333
0.2101173447,0.1614583333
0.2269765951,0.1614583333
0.2438358455,0.1614583333
0.2615380584,0.1614583333
0.2792402713,0.1614583333
0.2978275949,0.1614583333
0.3164149185,0.1614583333
0.3359316082,0.1614583333
0.3554482980,0.1614583333
0.3759408222,0.1614583333
0.3964333464,0.1614583333
0.4179504969,0.1614583333
0.4394676473,0.1614583333
0.4620606553,0.1614583333
0.4846536633,0.1614583333
0.5083763217,0.1614583333
0.5320989800,0.1614583333
0.5570077713,0.1614583333
0.5819165626,0.1614583333
0.6080707935,0.1614583333
0.6342250243,0.1614583333
0.6616869667,0.1614583333
0.6891489091,0.1614583333
0.7179839486,0.1614583333
0.7468189881,0.1614583333
0.7770957796,0.1614583333
0.8073725711,0.1614583333
0.8391632022,0.1614583333
0.8709538333,0.1614583333
0.9043339959,0.1614583333
0.9377141585,0.1614583333
0.9727633292,0.1614583333
1.0078125000,0.1614583333
-0.0078125000,0.1768465909
0.0035985043,0.1768465909
0.0150095086,0.1768465909
0.0269910631,0.1768465909
0.0389726176,0.1768465909
0.0515532498,0.1768465909
0.0641338820,0.1768465909
0.0773435459,0.1768465909
0.0905532097,0.1768465909
0.1044233567,0.1768465909
0.1182935038,0.1768465909
0.1328571582,0.1768465909
0.1474208125,0.1768465909
0.1627126496,0.1768465909
0.1780044868,0.1768465909
0.1940609157,0.1768465909
0.2101173447,0.1768465909
0.2269765951,0.1768465909
0.2438358455,0.1768465909
0.2615380584,0.1768465909
0.2792402713,0.1768465909
0.2978275949,0.1768465909
0.3164149185,0.1768465909
0.3359316082,0.1768465909
0.3554482980,0.1768465909
0.3759408222,0.1768465909
0.3964333464,0.1768465909
0.4179504969,0.1768465909
0.4394676473,0.1768465909
0.4620606553,0.1768465909
0.4846536633,0.1768465909
0.5083763217,0.1768465909
0.5320989800,0.1768465909
0.5570077713,0.1768465909
0.5819165626,0.1768465909
0.6080707935,0.1768465909
0.6342250243,0.1768465909
0.6616869667,0.1768465909
0.6891489091,0.1768465909
0.7179839486,0.1768465909
0.7468189881,0.1768465909
0.7770957796,0.1768465909
0.8073725711,0.1768465909
0.8391632022,0.1768465909
0.8709538333,0.1768465909
0.9043339959,0.1768465909
0.9377141585,0.1768465909
0.9727633292,0.1768465909
1.0078125000,0.1768465909
-0.0078125000,0.1922348485
0.0035985043,0.1922348485
0.0150095086,0.1922348485
0.0269910631,0.1922348485
0.0389726176,0.1922348485
0.0515532498,0.1922348485
0.0641338820,0.1922348485
0.0773435459,0.1922348485
0.0905532097,0.1922348485
0.1044233567,0.1922348485
0.1182935038,0.1922348485
0.1328571582,0.1922348485
0.1474208125,0.1922348485
0.1627126496,0.1922348485
0.1780044868,0.1922348485
0.1940609157,0.1922348485
0.2101173447,0.1922348485
0.2269765951,0.1922348485
0.2438358455,0.1922348485
0.2615380584,0.1922348485
0.2792402713,0.1922348485
0.2978275949,0.1922348485
0.3164149185,0.1922348485
0.3359316082,0.1922348485
0.3554482980,0.1922348485
0.3759408222,0.1922348485
0.3964333464,0.1922348485
0.4179504969,0.1922348485
0.4394676473,0.1922348485
0.4620606553,0.1922348485
0.4846536633,0.1922348485
0.5083763217,0.1922348485
0.5320989800,0.1922348485
0.5570077713,0.1922348485
0.5819165626,0.1922348485
0.6080707935,0.1922348485
0.6342250243,0.1922348485
0.6616869667,0.1922348485
0.6891489091,0.1922348485
0.7179839486,0.1922348485
0.7468189881,0.1922348485
0.7770957796,0.1922348485
0.8073725711,0.1922348485
0.8391632022,0.1922348485
0.8709538333,0.1922348485
0.9043339959,0.1922348485
0.9377141585,0.1922348485
0.9727633292,0.1922348485
1.0078125000,0.1922348485
-0.0078125000,0.2076231061
0.0035985043,0.2076231061
0.0150095086,0.2076231061
0.0269910631,0.2076231061
0.0389726176,0.2076231061
0.0515532498,0.2076231061
0.0641338820,0.2076231061
0.0773435459,0.2076231061
0.0905532097,0.2076231061
0.1044233567,0.2076231061
0.1182935038,0.2076231061
0.1328571582,0.2076231061
0.1474208125,0.2076231061
0.1627126496,0.2076231061
0.1780044868,0.2076231061
0.1940609157,0.2076231061
0.2101173447,0.2076231061
0.2269765951,0.2076231061
0.2438358455,0.2076231061
0.2615380584,0.2076231061
0.2792402713,0.2076231061
0.2978275949,0.2076231061
0.3164149185,0.2076231061
0.3359316082,0.2076231061
0.3554482980,0.2076231061
0.3759408222,0.2076231061
0.3964333464,0.2076231061
0.4179504969,0.2076231061
0.4394676473,0.2076231061
0.4620606553,0.2076231061
0.4846536633,0.2076231061
0.5083763217,0.2076231061
0.5320989800,0.2076231061
0.5570077713,0.2076231061
0.5819165626,0.2076231061
0.6080707935,0.2076231061
0.6342250243,0.2076231061
0.6616869667,0.2076231061
0.6891489091,0.2076231061
0.7179839486,0.2076231061
0.7468189881,0.2076231061
0.7770957796,0.2076231061
0.8073725711,0.2076231061
0.8391632022,0.2076231061
0.8709538333,0.2076231061
0.9043339959,0.2076231061
0.9377141585,0.2076231061
0.9727633292,0.2076231061
1.0078125000,0.2076231061
-0.0078125000,0.2230113636
0.0035985043,0.2230113636
0.0150095086,0.2230113636
0.0269910631,0.2230113636
0.0389726176,0.2230113636
0.0515532498,0.2230113636
0.0641338820,0.2230113636
0.0773435459,0.2230113636
0.0905532097,0.2230113636
0.1044233567,0.2230113636
0.1182935038,0.2230113636
0.1328571582,0.2230113636
0.1474208125,0.2230113636
0.1627126496,0.2230113636
0.1780044868,0.2230113636
0.1940609157,0.2230113636
0.2101173447,0.2230113636
0.2269765951,0.2230113636
0.2438358455,0.2230113636
0.2615380584,0.2230113636
0.2792402713,0.2230113636
0.2978275949,0.2230113636
0.3164149185,0.2230113636
0.3359316082,0.2230113636
0.3554482980,0.2230113636
0.3759408222,0.2230113636
0.3964333464,0.2230113636
0.4179504969,0.2230113636
0.4394676473,0.2230113636
0.4620606553,0.2230113636
0.4846536633,0.2230113636
0.5083763217,0.2230113636
0.5320989800,0.2230113636
0.5570077713,0.2230113636
0.5819165626,0.2230113636
0.6080707935,0.2230113636
0.6342250243,0.2230113636
0.6616869667,0.2230113636
0.6891489091,0.2230113636
0.7179839486,0.2230113636
0.7468189881,0.2230113636
0.7770957796,0.2230113636
0.8073725711,0.2230113636
0.8391632022,0.2230113636
0.8709538333,0.2230113636
0.9043339959,0.2230113636
0.9377141585,0.2230113636
0.9727633292,0.2230113636
1.0078125000,0.2230113636
-0.0078125000,0.2383996212
0.0035985043,0.2383996212
0.0150095086,0.2383996212
0.0269910631,0.2383996212
0.0389726176,0.2383996212
0.0515532498,0.2383996212
0.0641338820,0.2383996212
0.0773435459,0.2383996212
0.0905532097,0.2383996212
0.1044233567,0.2383996212
0.1182935038,0.2383996212
0.1328571582,0.2383996212
0.1474208125,0.2383996212
0.1627126496,0.2383996212
0.1780044868,0.2383996212
0.1940609157,0.2383996212
0.2101173447,0.2383996212
0.2269765951,0.2383996212
0.2438358455,0.2383996212
0.2615380584,0.2383996212
0.2792402713,0.2383996212
0.2978275949,0.2383996212
0.3164149185,0.2383996212
0.3359316082,0.2383996212
0.3554482980,0.2383996212
0.3759408222,0.2383996212
0.3964333464,0.2383996212
0.4179504969,0.2383996212
0.4394676473,0.2383996212
0.4620606553,0.2383996212
0.4846536633,0.2383996212
0.5083763217,0.2383996212
0.5320989800,0.2383996212
0.5570077713,0.2383996212
0.5819165626,0.2383996212
0.6080707935,0.2383996212
0.6342250243,0.2383996212
0.6616869667,0.2383996212
0.6891489091,0.2383996212
0.7179839486,0.2383996212
0.7468189881,0.2383996212
0.7770957796,0.2383996212
0.8073725711,0.2383996212
0.8391632022,0.2383996212
0.8709538333,0.2383996212
0.9043339959,0.2383996212
0.9377141585,0.2383996212
0.9727633292,0.2383996212
1.0078125000,0.2383996212
-0.0078125000,0.2537878788
0.0035985043,0.2537878788
0.0150095086,0.2537878788
0.0269910631,0.2537878788
0.0389726176,0.2537878788
0.0515532498,0.2537878788
0.0641338820,0.2537878788
0.0773435459,0.2537878788
0.0905532097,0.2537878788
0.1044233567,0.2537878788
0.1182935038,0.2537878788
0.1328571582,0.2537878788
0.1474208125,0.2537878788
0.1627126496,0.2537878788
0.1780044868,0.2537878788
0.1940609157,0.2537878788
0.2101173447,0.2537878788
0.2269765951,0.2537878788
0.2438358455,0.2537878788
0.2615380584,0.2537878788
0.2792402713,0.2537878788
0.2978275949,0.2537878788
0.3164149185,0.2537878788
0.3359316082,0.2537878788
0.3554482980,0.2537878788
0.3759408222,0.2537878788
0.3964333464,0.2537878788
0.4179504969,0.2537878788
0.4394676473,0.2537878788
0.4620606553,0.2537878788
0.4846536633,0.2537878788
0.5083763217,0.2537878788
0.5320989800,0.2537878788
0.5570077713,0.2537878788
0.5819165626,0.2537878788
0.6080707935,0.2537878788
0.6342250243,0.2537878788
0.6616869667,0.2537878788
0.6891489091,0.2537878788
0.7179839486,0.2537878788
0.7468189881,0.2537878788
0.7770957796,0.2537878788
0.8073725711,0.2537878788
0.8391632022,0.2537878788
0.8709538333,0.2537878788
0.9043339959,0.2537878788
0.9377141585,0.2537878788
0.9727633292,0.2537878788
1.0078125000,0.2537878788
-0.0078125000,0.2691761364
0.0035985043,0.2691761364
0.0150095086,0.2691761364
0.0269910631,0.2691761364
0.0389726176,0.2691761364
0.0515532498,0.2691761364
0.0641338820,0.2691761364
0.0773435459,0.2691761364
0.0905532097,0.2691761364
0.1044233567,0.2691761364
0.1182935038,0.2691761364
0.1328571582,0.2691761364
0.1474208125,0.2691761364
0.1627126496,0.2691761364
0.1780044868,0.2691761364
0.1940609157,0.2691761364
0.2101173447,0.2691761364
0.2269765951,0.2691761364
0.2438358455,0.2691761364
0.2615380584,0.2691761364
0.2792402713,0.2691761364
0.2978275949,0.2691761364
0.3164149185,0.2691761364
0.3359316082,0.2691761364
0.3554482980,0.2691761364
0.3759408222,0.2691761364
0.3964333464,0.2691761364
0.4179504969,0.2691761364
0.4394676473,0.2691761364
0.4620606553,0.2691761364
0.4846536633,0.2691761364
0.5083763217,0.2691761364
0.5320989800,0.2691761364
0.5570077713,0.2691761364
0.5819165626,0.2691761364
0.6080707935,0.2691761364
0.6342250243,0.2691761364
0.6616869667,0.2691761364
0.6891489091,0.2691761364
0.7179839486,0.2691761364
0.7468189881,0.2691761364
0.7770957796,0.2691761364
0.8073725711,0.2691761364
0.8391632022,0.2691761364
0.8709538333,0.2691761364
0.9043339959,0.2691761364
0.9377141585,0.2691761364
0.9727633292,0.2691761364
1.0078125000,0.2691761364
-0.0078125000,0.2845643939
0.0035985043,0.2845643939
0.0150095086,0.2845643939
0.0269910631,0.2845643939
0.0389726176,0.2845643939
0.0515532498,0.2845643939
0.0641338820,0.2845643939
0.0773435459,0.2845643939
0.0905532097,0.2845643939
0.1044233567,0.2845643939
0.1182935038,0.2845643939
0.1328571582,0.2845643939
0.1474208125,0.2845643939
0.1627126496,0.2845643939
0.1780044868,0.2845643939
0.1940609157,0.2845643939
0.2101173447,0.2845643939
0.2269765951,0.2845643939
0.2438358455,0.2845643939
0.2615380584,0.2845643939
0.2792402713,0.2845643939
0.2978275949,0.2845643939
0.3164149185,0.2845643939
0.3359316082,0.2845643939
0.3554482980,0.2845643939
0.3759408222,0.2845643939
0.3964333464,0.2845643939
0.4179504969,0.2845643939
0.4394676473,0.2845643939
0.4620606553,0.2845643939
0.4846536633,0.2845643939
0.5083763217,0.2845643939
0.5320989800,0.2845643939
0.5570077713,0.2845643939
0.5819165626,0.2845643939
0.6080707935,0.2845643939
0.6342250243,0.2845643939
0.6616869667,0.2845643939
0.6891489091,0.2845643939
0.7179839486,0.2845643939
0.7468189881,0.2845643939
0.7770957796,0.2845643939
0.8073725711,0.2845643939
0.8391632022,0.2845643939
0.8709538333,0.2845643939
0.9043339959,0.2845643939
0.9377141585,0.2845643939
0.9727633292,0.2845643939
1.0078125000,0.2845643939
-0.0078125000,0.2999526515
0.0035985043,0.2999526515
0.0150095086,0.2999526515
0.0269910631,0.2999526515
0.0389726176,0.2999526515
0.0515532498,0.2999526515
0.0641338820,0.2999526515
0.0773435459,0.2999526515
0.0905532097,0.2999526515
0.1044233567,0.2999526515
0.1182935038,0.2999526515
0.1328571582,0.2999526515
0.1474208125,0.2999526515
0.1627126496,0.2999526515
0.1780044868,0.2999526515
0.1940609157,0.2999526515
0.2101173447,0.2999526515
0.2269765951,0.2999526515
0.2438358455,0.2999526515
0.2615380584,0.2999526515
0.2792402713,0.2999526515
0.2978275949,0.2999526515
0.3164149185,0.2999526515
0.3359316082,0.2999526515
0.3554482980,0.2999526515
0.3759408222,0.2999526515
0.3964333464,0.2999526515
0.4179504969,0.2999526515
0.4394676473,0.2999526515
0.4620606553,0.2999526515
0.4846536633,0.2999526515
0.5083763217,0.2999526515
0.5320989800,0.2999526515
0.5570077713,0.2999526515
0.5819165626,0.2999526515
0.6080707935,0.2999526515
0.6342250243,0.2999526515
0.6616869667,0.2999526515
0.6891489091,0.2999526515
0.7179839486,0.2999526515
0.7468189881,0.2999526515
0.7770957796,0.2999526515
0.8073725711,0.2999526515
0.8391632022,0.2999526515
0.8709538333,0.2999526515
0.9043339959,0.2999526515
0.9377141585,0.2999526515
0.9727633292,0.2999526515
1.0078125000,0.2999526515
-0.0078125000,0.3153409091
0.0035985043,0.3153409091
0.0150095086,0.3153409091
0.0269910631,0.3153409091
0.0389726176,0.3153409091
0.0515532498,0.3153409091
0.0641338820,0.3153409091
0.0773435459,0.3153409091
0.0905532097,0.3153409091
0.1044233567,0.3153409091
0.1182935038,0.3153409091
0.1328571582,0.3153409091
0.1474208125,0.3153409091
0.1627126496,0.3153409091
0.1780044868,0.3153409091
0.1940609157,0.3153409091
0.2101173447,0.3153409091
0.2269765951,0.3153409091
0.2438358455,0.3153409091
0.2615380584,0.3153409091
0.2792402713,0.3153409091
0.2978275949,0.3153409091
0.3164149185,0.3153409091
0.3359316082,0.3153409091
0.3554482980,0.3153409091
0.3759408222,0.3153409091
0.3964333464,0.3153409091
0.4179504969,0.3153409091
0.4394676473,0.3153409091
0.4620606553,0.3153409091
0.4846536633,0.3153409091
0.5083763217,0.3153409091
0.5320989800,0.3153409091
0.5570077713,0.3153409091
0.5819165626,0.3153409091
0.6080707935,0.3153409091
0.6342250243,0.3153409091
0.6616869667,0.3153409091
0.6891489091,0.3153409091
0.7179839486,0.3153409091
0.7468189881,0.3153409091
0.7770957796,0.3153409091
0.8073725711,0.3153409091
0.8391632022,0.3153409091
0.8709538333,0.3153409091
0.9043339959,0.3153409091
0.9377141585,0.3153409091
0.9727633292,0.3153409091
1.0078125000,0.3153409091
-0.0078125000,0.3307291667
0.0035985043,0.3307291667
0.0150095086,0.3307291667
0.0269910631,0.3307291667
0.0389726176,0.3307291667
0.0515532498,0.3307291667
0.0641338820,0.3307291667
0.0773435459,0.3307291667
0.0905532097,0.3307291667
0.1044233567,0.3307291667
0.1182935038,0.3307291667
0.1328571582,0.3307291667
0.1474208125,0.3307291667
0.1627126496,0.3307291667
0.1780044868,0.3307291667
0.1940609157,0.3307291667
0.2101173447,0.3307291667
0.2269765951,0.3307291667
0.2438358455,0.3307291667
0.2615380584,0.3307291667
0.2792402713,0.3307291667
0.2978275949,0.3307291667
0.3164149185,0.3307291667
0.3359316082,0.3307291667
0.3554482980,0.3307291667
0.3759408222,0.3307291667
0.3964333464,0.3307291667
0.4179504969,0.3307291667
0.4394676473,0.3307291667
0.4620606553,0.3307291667
0.4846536633,0.3307291667
0.5083763217,0.3307291667
0.5320989800,0.3307291667
0.5570077713,0.3307291667
0.5819165626,0.3307291667
0.6080707935,0.3307291667
0.6342250243,0.3307291667
0.6616869667,0.3307291667
0.6891489091,0.3307291667
0.7179839486,0.3307291667
0.7468189881,0.3307291667
0.7770957796,0.3307291667
0.8073725711,0.3307291667
0.8391632022,0.3307291667
0.8709538333,0.3307291667
0.9043339959,0.3307291667
0.9377141585,0.3307291667
0.9727633292,0.3307291667
1.0078125000,0.3307291667
-0.0078125000,0.3461174242
0.0035985043,0.3461174242
0.0150095086,0.3461174242
0.0269910631,0.3461174242
0.0389726176,0.3461174242
0.0515532498,0.3461174242
0.0641338820,0.3461174242
0.0773435459,0.3461174242
0.0905532097,0.3461174242
0.1044233567,0.3461174242
0.1182935038,0.3461174242
0.1328571582,0.3461174242
0.1474208125,0.3461174242
0.1627126496,0.3461174242
0.1780044868,0.3461174242
0.1940609157,0.3461174242
0.2101173447,0.3461174242
0.2269765951,0.3461174242
0.2438358455,0.3461174242
0.2615380584,0.3461174242
0.2792402713,0.3461174242
0.2978275949,0.3461174242
0.3164149185,0.3461174242
0.3359316082,0.3461174242
0.3554482980,0.3461174242
0.3759408222,0.3461174242
0.3964333464,0.3461174242
0.4179504969,0.3461174242
0.4394676473,0.3461174242
0.4620606553,0.3461174242
0.4846536633,0.3461174242
0.5083763217,0.3461174242
0.5320989800,0.3461174242
0.5570077713,0.3461174242
0.5819165626,0.3461174242
0.6080707935,0.3461174242
0.6342250243,0.3461174242
0.6616869667,0.3461174242
0.6891489091,0.3461174242
0.7179839486,0.3461174242
0.7468189881,0.3461174242
0.7770957796,0.3461174242
0.8073725711,0.3461174242
0.8391632022,0.3461174242
0.8709538333,0.3461174242
0.9043339959,0.3461174242
0.9377141585,0.3461174242
0.9727633292,0.3461174242
1.0078125000,0.3461174242
-0.0078125000,0.3615056818
0.0035985043,0.3615056818
0.0150095086,0.3615056818
0.0269910631,0.3615056818
0.0389726176,0.3615056818
0.0515532498,0.3615056818
0.0641338820,0.3615056818
0.0773435459,0.3615056818
0.0905532097,0.3615056818
0.1044233567,0.3615056818
0.1182935038,0.3615056818
0.1328571582,0.3615056818
0.1474208125,0.3615056818
0.1627126496,0.3615056818
0.1780044868,0.3615056818
0.1940609157,0.3615056818
0.2101173447,0.3615056818
0.2269765951,0.3615056818
0.2438358455,0.3615056818
0.2615380584,0.3615056818
0.2792402713,0.3615056818
0.2978275949,0.3615056818
0.3164149185,0.3615056818
0.3359316082,0.3615056818
0.3554482980,0.3615056818
0.3759408222,0.3615056818
0.3964333464,0.3615056818
0.4179504969,0.3615056818
0.4394676473,0.3615056818
0.4620606553,0.3615056818
0.4846536633,0.3615056818
0.5083763217,0.3615056818
0.5320989800,0.3615056818
0.5570077713,0.3615056818
0.5819165626,0.3615056818
0.6080707935,0.3615056818
0.6342250243,0.3615056818
0.6616869667,0.3615056818
0.6891489091,0.3615056818
0.7179839486,0.3615056818
0.7468189881,0.3615056818
0.7770957796,0.3615056818
0.8073725711,0.3615056818
0.8391632022,0.3615056818
0.8709538333,0.3615056818
0.9043339959,0.3615056818
0.9377141585,0.3615056818
0.9727633292,0.3615056818
1.0078125000,0.3615056818
-0.0078125000,0.3768939394
0.0035985043,0.3768939394
0.0150095086,0.3768939394
0.0269910631,0.3768939394
0.0389726176,0.3768939394
0.0515532498,0.3768939394
0.0641338820,0.3768939394
0.0773435459,0.3768939394
0.0905532097,0.3768939394
0.1044233567,0.3768939394
0.1182935038,0.3768939394
0.1328571582,0.3768939394
0.1474208125,0.3768939394
0.1627126496,0.3768939394
0.1780044868,0.3768939394
0.1940609157,0.3768939394
0.2101173447,0.3768939394
0.2269765951,0.3768939394
0.2438358455,0.3768939394
0.2615380584,0.3768939394
0.2792402713,0.3768939394
0.2978275949,0.3768939394
0.3164149185,0.3768939394
0.3359316082,0.3768939394
0.3554482980,0.3768939394
0.3759408222,0.3768939394
0.3964333464,0.3768939394
0.4179504969,0.3768939394
0.4394676473,0.3768939394
0.4620606553,0.3768939394
0.4846536633,0.3768939394
0.5083763217,0.3768939394
0.5320989800,0.3768939394
0.5570077713,0.3768939394
0.5819165626,0.3768939394
0.6080707935,0.3768939394
0.6342250243,0.3768939394
0.6616869667,0.3768939394
0.6891489091,0.3768939394
0.7179839486,0.3768939394
0.7468189881,0.3768939394
0.7770957796,0.3768939394
0.8073725711,0.3768939394
0.8391632022,0.3768939394
0.8709538333,0.3768939394
0.9043339959,0.3768939394
0.9377141585,0.3768939394
0.9727633292,0.3768939394
1.0078125000,0.3768939394
-0.0078125000,0.3922821970
0.0035985043,0.3922821970
0.0150095086,0.3922821970
0.0269910631,0.3922821970
0.0389726176,0.3922821970
0.0515532498,0.3922821970
0.0641338820,0.3922821970
0.0773435459,0.3922821970
0.0905532097,0.3922821970
0.1044233567,0.3922821970
0.1182935038,0.3922821970
0.1328571582,0.3922821970
0.1474208125,0.3922821970
0.1627126496,0.3922821970
0.1780044868,0.3922821970
0.1940609157,0.3922821970
0.2101173447,0.3922821970
0.2269765951,0.3922821970
0.2438358455,0.3922821970
0.2615380584,0.3922821970
0.2792402713,0.3922821970
0.2978275949,0.3922821970
0.3164149185,0.3922821970
0.3359316082,0.3922821970
0.3554482980,0.3922821970
0.3759408222,0.3922821970
0.3964333464,0.3922821970
0.4179504969,0.3922821970
0.4394676473,0.3922821970
0.4620606553,0.3922821970
0.4846536633,0.3922821970
0.5083763217,0.3922821970
0.5320989800,0.3922821970
0.5570077713,0.3922821970
0.5819165626,0.3922821970
0.6080707935,0.3922821970
0.6342250243,0.3922821970
0.6616869667,0.3922821970
0.6891489091,0.3922821970
0.7179839486,0.3922821970
0.7468189881,0.3922821970
0.7770957796,0.3922821970
0.8073725711,0.3922821970
0.8391632022,0.3922821970
0.8709538333,0.3922821970
0.9043339959,0.3922821970
0.9377141585,0.3922821970
0.9727633292,0.3922821970
1.0078125000,0.3922821970
-0.0078125000,0.4076704545
0.0035985043,0.4076704545
0.0150095086,0.4076704545
0.0269910631,0.4076704545
0.0389726176,0.4076704545
0.0515532498,0.4076704545
0.0641338820,0.4076704545
0.0773435459,0.4076704545
0.0905532097,0.4076704545
0.1044233567,0.4076704545
0.1182935038,0.4076704545
0.1328571582,0.4076704545
0.1474208125,0.4076704545
0.1627126496,0.4076704545
0.1780044868,0.4076704545
0.1940609157,0.4076704545
0.2101173447,0.4076704545
0.2269765951,0.4076704545
0.2438358455,0.4076704545
0.2615380584,0.4076704545
0.2792402713,0.4076704545
0.2978275949,0.4076704545
0.3164149185,0.4076704545
0.3359316082,0.4076704545
0.3554482980,0.4076704545
0.3759408222,0.4076704545
0.3964333464,0.4076704545
0.4179504969,0.4076704545
0.4394676473,0.4076704545
0.4620606553,0.4076704545
0.4846536633,0.4076704545
0.5083763217,0.4076704545
0.5320989800,0.4076704545
0.5570077713,0.4076704545
0.5819165626,0.4076704545
0.6080707935,0.4076704545
0.6342250243,0.4076704545
0.6616869667,0.4076704545
0.6891489091,0.4076704545
0.7179839486,0.4076704545
0.7468189881,0.4076704545
0.7770957796,0.4076704545
0.8073725711,0.4076704545
0.8391632022,0.4076704545
0.8709538333,0.4076704545
0.9043339959,0.4076704545
0.9377141585,0.4076704545
0.9727633292,0.4076704545
1.0078125000,0.4076704545
-0.0078125000,0.4230587121
0.0035985043,0.4230587121
0.0150095086,0.4230587121
0.0269910631,0.4230587121
0.0389726176,0.4230587121
0.0515532498,0.4230587121
0.0641338820,0.4230587121
0.0773435459,0.4230587121
0.0905532097,0.4230587121
0.1044233567,0.4230587121
0.1182935038,0.4230587121
0.1328571582,0.4230587121
0.1474208125,0.4230587121
0.1627126496,0.4230587121
0.1780044868,0.4230587121
0.1940609157,0.4230587121
0.2101173447,0.4230587121
0.2269765951,0.4230587121
0.2438358455,0.4230587121
0.2615380584,0.4230587121
0.2792402713,0.4230587121
0.2978275949,0.4230587121
0.3164149185,0.4230587121
0.3359316082,0.4230587121
0.3554482980,0.4230587121
0.3759408222,0.4230587121
0.3964333464,0.4230587121
0.4179504969,0.4230587121
0.4394676473,0.4230587121
0.4620606553,0.4230587121
0.4846536633,0.4230587121
0.5083763217,0.4230587121
0.5320989800,0.4230587121
0.5570077713,0.4230587121
0.5819165626,0.4230587121
0.6080707935,0.4230587121
0.6342250243,0.4230587121
0.6616869667,0.4230587121
0.6891489091,0.4230587121
0.7179839486,0.4230587121
0.7468189881,0.4230587121
0.7770957796,0.4230587121
0.8073725711,0.4230587121
0.8391632022,0.4230587121
0.8709538333,0.4230587121
0.9043339959,0.4230587121
0.9377141585,0.4230587121
0.9727633292,0.4230587121
1.0078125000,0.4230587121
-0.0078125000,0.4384469697
0.0035985043,0.4384469697
0.0150095086,0.4384469697
0.0269910631,0.4384469697
0.0389726176,0.4384469697
0.0515532498,0.4384469697
0.0641338820,0.4384469697
0.0773435459,0.4384469697
0.0905532097,0.4384469697
0.1044233567,0.4384469697
0.1182935038,0.4384469697
0.1328571582,0.4384469697
0.1474208125,0.4384469697
0.1627126496,0.4384469697
0.1780044868,0.4384469697
0.1940609157,0.4384469697
0.2101173447,0.4384469697
0.2269765951,0.4384469697
0.2438358455,0.4384469697
0.2615380584,0.4384469697
0.2792402713,0.4384469697
0.2978275949,0.4384469697
0.3164149185,0.4384469697
0.3359316082,0.4384469697
0.3554482980,0.4384469697
0.3759408222,0.4384469697
0.3964333464,0.4384469697
0.4179504969,0.4384469697
0.4394676473,0.4384469697
0.4620606553,0.4384469697
0.4846536633,0.4384469697
0.5083763217,0.4384469697
0.5320989800,0.4384469697
0.5570077713,0.4384469697
0.5819165626,0.4384469697
0.6080707935,0.4384469697
0.6342250243,0.4384469697
0.6616869667,0.4384469697
0.6891489091,0.4384469697
0.7179839486,0.4384469697
0.7468189881,0.4384469697
0.7770957796,0.4384469697
0.8073725711,0.4384469697
0.8391632022,0.4384469697
0.8709538333,0.4384469697
0.9043339959,0.4384469697
0.9377141585,0.4384469697
0.9727633292,0.4384469697
1.0078125000,0.4384469697
-0.0078125000,0.4538352273
0.0035985043,0.4538352273
0.0150095086,0.4538352273
0.0269910631,0.4538352273
0.0389726176,0.4538352273
0.0515532498,0.4538352273
0.0641338820,0.4538352273
0.0773435459,0.4538352273
0.0905532097,0.4538352273
0.1044233567,0.4538352273
0.1182935038,0.4538352273
0.1328571582,0.4538352273
0.1474208125,0.4538352273
0.1627126496,0.4538352273
0.1780044868,0.4538352273
0.1940609157,0.4538352273
0.2101173447,0.4538352273
0.2269765951,0.4538352273
0.2438358455,0.4538352273
0.2615380584,0.4538352273
0.2792402713,0.4538352273
0.2978275949,0.4538352273
0.3164149185,0.4538352273
0.3359316082,0.4538352273
0.3554482980,0.4538352273
0.3759408222,0.4538352273
0.3964333464,0.4538352273
0.4179504969,0.4538352273
0.4394676473,0.4538352273
0.4620606553,0.4538352273
0.4846536633,0.4538352273
0.5083763217,0.4538352273
0.5320989800,0.4538352273
0.5570077713,0.4538352273
0.5819165626,0.4538352273
0.6080707935,0.4538352273
0.6342250243,0.4538352273
0.6616869667,0.4538352273
0.6891489091,0.4538352273
0.7179839486,0.4538352273
0.7468189881,0.4538352273
0.7770957796,0.4538352273
0.8073725711,0.4538352273
0.8391632022,0.4538352273
0.8709538333,0.4538352273
0.9043339959,0.4538352273
0.9377141585,0.4538352273
0.9727633292,0.4538352273
1.0078125000,0.4538352273
-0.0078125000,0.4692234848
0.0035985043,0.4692234848
0.0150095086,0.4692234848
0.0269910631,0.4692234848
0.0389726176,0.4692234848
0.0515532498,0.4692234848
0.0641338820,0.4692234848
0.0773435459,0.4692234848
0.0905532097,0.4692234848
0.1044233567,0.4692234848
0.1182935038,0.4692234848
0.1328571582,0.4692234848
0.1474208125,0.4692234848
0.1627126496,0.4692234848
0.1780044868,0.4692234848
0.1940609157,0.4692234848
0.2101173447,0.4692234848
0.2269765951,0.4692234848
0.2438358455,0.4692234848
0.2615380584,0.4692234848
0.2792402713,0.4692234848
0.2978275949,0.4692234848
0.3164149185,0.4692234848
0.3359316082,0.4692234848
0.3554482980,0.4692234848
0.3759408222,0.4692234848
0.3964333464,0.4692234848
0.4179504969,0.4692234848
0.4394676473,0.4692234848
0.4620606553,0.4692234848
0.4846536633,0.4692234848
0.5083763217,0.4692234848
0.5320989800,0.4692234848
0.5570077713,0.4692234848
0.5819165626,0.4692234848
0.6080707935,0.4692234848
0.6342250243,0.4692234848
0.6616869667,0.4692234848
0.6891489091,0.4692234848
0.7179839486,0.4692234848
0.7468189881,0.4692234848
0.7770957796,0.4692234848
0.8073725711,0.4692234848
0.8391632022,0.4692234848
0.8709538333,0.4692234848
0.9043339959,0.4692234848
0.9377141585,0.4692234848
0.9727633292,0.4692234848
1.0078125000,0.4692234848
-0.0078125000,0.4846117424
0.0035985043,0.4846117424
0.0150095086,0.4846117424
0.0269910631,0.4846117424
0.0389726176,0.4846117424
0.0515532498,0.4846117424
0.0641338820,0.4846117424
0.0773435459,0.4846117424
0.0905532097,0.4846117424
0.1044233567,0.4846117424
0.1182935038,0.4846117424
0.1328571582,0.4846117424
0.1474208125,0.4846117424
0.1627126496,0.4846117424
0.1780044868,0.4846117424
0.1940609157,0.4846117424
0.2101173447,0.4846117424
0.2269765951,0.4846117424
0.2438358455,0.4846117424
0.2615380584,0.4846117424
0.2792402713,0.4846117424
0.2978275949,0.4846117424
0.3164149185,0.4846117424
0.3359316082,0.4846117424
0.3554482980,0.4846117424
0.3759408222,0.4846117424
0.3964333464,0.4846117424
0.4179504969,0.4846117424
0.4394676473,0.4846117424
0.4620606553,0.4846117424
0.4846536633,0.4846117424
0.5083763217,0.4846117424
0.5320989800,0.4846117424
0.5570077713,0.4846117424
0.5819165626,0.4846117424
0.6080707935,0.4846117424
0.6342250243,0.4846117424
0.6616869667,0.4846117424
0.6891489091,0.4846117424
0.7179839486,0.4846117424
0.7468189881,0.4846117424
0.7770957796,0.4846117424
0.8073725711,0.4846117424
0.8391632022,0.4846117424
0.8709538333,0.4846117424
0.9043339959,0.4846117424
0.9377141585,0.4846117424
0.9727633292,0.4846117424
1.0078125000,0.4846117424
-0.0078125000,0.5000000000
0.0035985043,0.5000000000
0.0150095086,0.5000000000
0.0269910631,0.5000000000
0.0389726176,0.5000000000
0.0515532498,0.5000000000
0.0641338820,0.5000000000
0.0773435459,0.5000000000
0.0905532097,0.5000000000
0.1044233567,0.5000000000
0.1182935038,0.5000000000
0.1328571582,0.5000000000
0.1474208125,0.5000000000
0.1627126496,0.5000000000
0.1780044868,0.5000000000
0.1940609157,0.5000000000
0.2101173447,0.5000000000
0.2269765951,0.5000000000
0.2438358455,0.5000000000
0.2615380584,0.5000000000
0.2792402713,0.5000000000
0.2978275949,0.5000000000
0.3164149185,0.5000000000
0.3359316082,0.5000000000
0.3554482980,0.5000000000
0.3759408222,0.5000000000
0.3964333464,0.5000000000
0.4179504969,0.5000000000
0.4394676473,0.5000000000
0.4620606553,0.5000000000
0.4846536633,0.5000000000
0.5083763217,0.5000000000
0.5320989800,0.5000000000
0.5570077713,0.5000000000
0.5819165626,0.5000000000
0.6080707935,0.5000000000
0.6342250243,0.5000000000
0.6616869667,0.5000000000
0.6891489091,0.5000000000
0.7179839486,0.5000000000
0.7468189881,0.5000000000
0.7770957796,0.5000000000
0.8073725711,0.5000000000
0.8391632022,0.5000000000
0.8709538333,0.5000000000
0.9043339959,0.5000000000
0.9377141585,0.5000000000
0.9727633292,0.5000000000
1.0078125000,0.5000000000
-0.0078125000,0.5153882576
0.0035985043,0.5153882576
0.0150095086,0.5153882576
0.0269910631,0.5153882576
0.0389726176,0.5153882576
0.0515532498,0.5153882576
0.0641338820,0.5153882576
0.0773435459,0.5153882576
0.0905532097,0.5153882576
0.1044233567,0.5153882576
0.1182935038,0.5153882576
0.1328571582,0.5153882576
0.1474208125,0.5153882576
0.1627126496,0.5153882576
0.1780044868,0.5153882576
0.1940609157,0.5153882576
0.2101173447,0.5153882576
0.2269765951,0.5153882576
0.2438358455,0.5153882576
0.2615380584,0.5153882576
0.2792402713,0.5153882576
0.2978275949,0.5153882576
0.3164149185,0.5153882576
0.3359316082,0.5153882576
0.3554482980,0.5153882576
0.3759408222,0.5153882576
0.3964333464,0.5153882576
0.4179504969,0.5153882576
0.4394676473,0.5153882576
0.4620606553,0.5153882576
0.4846536633,0.5153882576
0.5083763217,0.5153882576
0.5320989800,0.5153882576
0.5570077713,0.5153882576
0.5819165626,0.5153882576
0.6080707935,0.5153882576
0.6342250243,0.5153882576
0.6616869667,0.5153882576
0.6891489091,0.5153882576
0.7179839486,0.5153882576
0.7468189881,0.5153882576
0.7770957796,0.5153882576
0.8073725711,0.5153882576
0.8391632022,0.5153882576
0.8709538333,0.5153882576
0.9043339959,0.5153882576
0.9377141585,0.5153882576
0.9727633292,0.5153882576
1.0078125000,0.5153882576
-0.0078125000,0.5307765152
0.0035985043,0.5307765152
0.0150095086,0.5307765152
0.0269910631,0.5307765152
0.0389726176,0.5307765152
0.0515532498,0.5307765152
0.0641338820,0.5307765152
0.0773435459,0.5307765152
0.0905532097,0.5307765152
0.1044233567,0.5307765152
0.1182935038,0.5307765152
0.1328571582,0.5307765152
0.1474208125,0.5307765152
0.1627126496,0.5307765152
0.1780044868,0.5307765152
0.1940609157,0.5307765152
0.2101173447,0.5307765152
0.2269765951,0.5307765152
0.2438358455,0.5307765152
0.2615380584,0.5307765152
0.2792402713,0.5307765152
0.2978275949,0.5307765152
0.3164149185,0.5307765152
0.3359316082,0.5307765152
0.3554482980,0.5307765152
0.3759408222,0.5307765152
0.3964333464,0.5307765152
0.4179504969,0.5307765152
0.4394676473,0.5307765152
0.4620606553,0.5307765152
0.4846536633,0.5307765152
0.5083763217,0.5307765152
0.5320989800,0.5307765152
0.5570077713,0.5307765152
0.5819165626,0.5307765152
0.6080707935,0.5307765152
0.6342250243,0.5307765152
0.6616869667,0.5307765152
0.6891489091,0.5307765152
0.7179839486,0.5307765152
0.7468189881,0.5307765152
0.7770957796,0.5307765152
0.8073725711,0.5307765152
0.8391632022,0.5307765152
0.8709538333,0.5307765152
0.9043339959,0.5307765152
0.9377141585,0.5307765152
0.9727633292,0.5307765152
1.0078125000,0.5307765152
-0.0078125000,0.5461647727
0.0035985043,0.5461647727
0.0150095086,0.5461647727
0.0269910631,0.5461647727
0.0389726176,0.5461647727
0.0515532498,0.5461647727
0.0641338820,0.5461647727
0.0773435459,0.5461647727
0.0905532097,0.5461647727
0.1044233567,0.5461647727
0.1182935038,0.5461647727
0.1328571582,0.5461647727
0.1474208125,0.5461647727
0.1627126496,0.5461647727
0.1780044868,0.5461647727
0.1940609157,0.5461647727
0.2101173447,0.5461647727
0.2269765951,0.5461647727
0.2438358455,0.5461647727
0.2615380584,0.5461647727
0.2792402713,0.5461647727
0.2978275949,0.5461647727
0.3164149185,0.5461647727
0.3359316082,0.5461647727
0.3554482980,0.5461647727
0.3759408222,0.5461647727
0.3964333464,0.5461647727
0.4179504969,0.5461647727
0.4394676473,0.5461647727
0.4620606553,0.5461647727
0.4846536633,0.5461647727
0.5083763217,0.5461647727
0.5320989800,0.5461647727
0.5570077713,0.5461647727
0.5819165626,0.5461647727
0.6080707935,0.5461647727
0.6342250243,0.5461647727
0.6616869667,0.5461647727
0.6891489091,0.5461647727
0.7179839486,0.5461647727
0.7468189881,0.5461647727
0.7770957796,0.5461647727
0.8073725711,0.5461647727
0.8391632022,0.5461647727
0.8709538333,0.5461647727
0.9043339959,0.5461647727
0.9377141585,0.5461647727
0.9727633292,0.5461647727
1.0078125000,0.5461647727
-0.0078125000,0.5615530303
0.0035985043,0.5615530303
0.0150095086,0.5615530303
0.0269910631,0.5615530303
0.0389726176,0.5615530303
0.0515532498,0.5615530303
0.0641338820,0.5615530303
0.0773435459,0.5615530303
0.0905532097,0.5615530303
0.1044233567,0.5615530303
0.1182935038,0.5615530303
0.1328571582,0.5615530303
0.1474208125,0.5615530303
0.1627126496,0.5615530303
0.1780044868,0.5615530303
0.1940609157,0.5615530303
0.2101173447,0.5615530303
0.2269765951,0.5615530303
0.2438358455,0.5615530303
0.2615380584,0.5615530303
0.2792402713,0.5615530303
0.2978275949,0.5615530303
0.3164149185,0.5615530303
0.3359316082,0.5615530303
0.3554482980,0.5615530303
0.3759408222,0.5615530303
0.3964333464,0.5615530303
0.4179504969,0.5615530303
0.4394676473,0.5615530303
0.4620606553,0.5615530303
0.4846536633,0.5615530303
0.5083763217,0.5615530303
0.5320989800,0.5615530303
0.5570077713,0.5615530303
0.5819165626,0.5615530303
0.6080707935,0.5615530303
0.6342250243,0.5615530303
0.6616869667,0.5615530303
0.6891489091,0.5615530303
0.7179839486,0.5615530303
0.7468189881,0.5615530303
0.7770957796,0.5615530303
0.8073725711,0.5615530303
0.8391632022,0.5615530303
0.8709538333,0.5615530303
0.9043339959,0.5615530303
0.9377141585,0.5615530303
0.9727633292,0.5615530303
1.0078125000,0.5615530303
-0.0078125000,0.5769412879
0.0035985043,0.5769412879
0.0150095086,0.5769412879
0.0269910631,0.5769412879
0.0389726176,0.5769412879
0.0515532498,0.5769412879
0.0641338820,0.5769412879
0.0773435459,0.5769412879
0.0905532097,0.5769412879
0.1044233567,0.5769412879
0.1182935038,0.5769412879
0.1328571582,0.5769412879
0.1474208125,0.5769412879
0.1627126496,0.5769412879
0.1780044868,0.5769412879
0.1940609157,0.5769412879
0.2101173447,0.5769412879
0.2269765951,0.5769412879
0.2438358455,0.5769412879
0.2615380584,0.5769412879
0.2792402713,0.5769412879
0.2978275949,0.5769412879
0.3164149185,0.5769412879
0.3359316082,0.5769412879
0.3554482980,0.5769412879
0.3759408222,0.5769412879
0.3964333464,0.5769412879
0.4179504969,0.5769412879
0.4394676473,0.5769412879
0.4620606553,0.5769412879
0.4846536633,0.5769412879
0.5083763217,0.5769412879
0.5320989800,0.5769412879
0.5570077713,0.5769412879
0.5819165626,0.5769412879
0.6080707935,0.5769412879
0.6342250243,0.5769412879
0.6616869667,0.5769412879
0.6891489091,0.5769412879
0.7179839486,0.5769412879
0.7468189881,0.5769412879
0.7770957796,0.5769412879
0.8073725711,0.5769412879
0.8391632022,0.5769412879
0.8709538333,0.5769412879
0.9043339959,0.5769412879
0.9377141585,0.5769412879
0.9727633292,0.5769412879
1.0078125000,0.5769412879
-0.0078125000,0.5923295455
0.0035985043,0.5923295455
0.0150095086,0.5923295455
0.0269910631,0.5923295455
0.0389726176,0.5923295455
0.0515532498,0.5923295455
0.0641338820,0.5923295455
0.0773435459,0.5923295455
0.0905532097,0.5923295455
0.1044233567,0.5923295455
0.1182935038,0.5923295455
0.1328571582,0.5923295455
0.1474208125,0.5923295455
0.1627126496,0.5923295455
0.1780044868,0.5923295455
0.1940609157,0.5923295455
0.2101173447,0.5923295455
0.2269765951,0.5923295455
0.2438358455,0.5923295455
0.2615380584,0.5923295455
0.2792402713,0.5923295455
0.2978275949,0.5923295455
0.3164149185,0.5923295455
0.3359316082,0.5923295455
0.3554482980,0.5923295455
0.3759408222,0.5923295455
0.3964333464,0.5923295455
0.4179504969,0.5923295455
0.4394676473,0.5923295455
0.4620606553,0.5923295455
0.4846536633,0.5923295455
0.5083763217,0.5923295455
0.5320989800,0.5923295455
0.5570077713,0.5923295455
0.5819165626,0.5923295455
0.6080707935,0.5923295455
0.6342250243,0.5923295455
0.6616869667,0.5923295455
0.6891489091,0.5923295455
0.7179839486,0.5923295455
0.7468189881,0.5923295455
0.7770957796,0.5923295455
0.8073725711,0.5923295455
0.8391632022,0.5923295455
0.8709538333,0.5923295455
0.9043339959,0.5923295455
0.9377141585,0.5923295455
0.9727633292,0.5923295455
1.0078125000,0.5923295455
-0.0078125000,0.6077178030
0.0035985043,0.6077178030
0.0150095086,0.6077178030
0.0269910631,0.6077178030
0.0389726176,0.6077178030
0.0515532498,0.6077178030
0.0641338820,0.6077178030
0.0773435459,0.6077178030
0.0905532097,0.6077178030
0.1044233567,0.6077178030
0.1182935038,0.6077178030
0.1328571582,0.6077178030
0.1474208125,0.6077178030
0.1627126496,0.6077178030
0.1780044868,0.6077178030
0.1940609157,0.6077178030
0.2101173447,0.6077178030
0.2269765951,0.6077178030
0.2438358455,0.6077178030
0.2615380584,0.6077178030
0.2792402713,0.6077178030
0.2978275949,0.6077178030
0.3164149185,0.6077178030
0.3359316082,0.6077178030
0.3554482980,0.6077178030
0.3759408222,0.6077178030
0.3964333464,0.6077178030
0.4179504969,0.6077178030
0.4394676473,0.6077178030
0.4620606553,0.6077178030
0.4846536633,0.6077178030
0.5083763217,0.6077178030
0.5320989800,0.6077178030
0.5570077713,0.6077178030
0.5819165626,0.6077178030
0.6080707935,0.6077178030
0.6342250243,0.6077178030
0.6616869667,0.6077178030
0.6891489091,0.6077178030
0.7179839486,0.6077178030
0.7468189881,0.6077178030
0.7770957796,0.6077178030
0.8073725711,0.6077178030
0.8391632022,0.6077178030
0.8709538333,0.6077178030
0.9043339959,0.6077178030
0.9377141585,0.6077178030
0.9727633292,0.6077178030
1.0078125000,0.6077178030
-0.0078125000,0.6231060606
0.0035985043,0.6231060606
0.0150095086,0.6231060606
0.0269910631,0.6231060606
0.0389726176,0.6231060606
0.0515532498,0.6231060606
0.0641338820,0.6231060606
0.0773435459,0.6231060606
0.0905532097,0.6231060606
0.1044233567,0.6231060606
0.1182935038,0.6231060606
0.1328571582,0.6231060606
0.1474208125,0.6231060606
0.1627126496,0.6231060606
0.1780044868,0.6231060606
0.1940609157,0.6231060606
0.2101173447,0.6231060606
0.2269765951,0.6231060606
0.2438358455,0.6231060606
0.2615380584,0.6231060606
0.2792402713,0.6231060606
0.2978275949,0.6231060606
0.3164149185,0.6231060606
0.3359316082,0.6231060606
0.3554482980,0.6231060606
0.3759408222,0.6231060606
0.3964333464,0.6231060606
0.4179504969,0.6231060606
0.4394676473,0.6231060606
0.4620606553,0.6231060606
0.4846536633,0.6231060606
0.5083763217,0.6231060606
0.5320989800,0.6231060606
0.5570077713,0.6231060606
0.5819165626,0.6231060606
0.6080707935,0.6231060606
0.6342250243,0.6231060606
0.6616869667,0.6231060606
0.6891489091,0.6231060606
0.7179839486,0.6231060606
0.7468189881,0.6231060606
0.7770957796,0.6231060606
0.8073725711,0.6231060606
0.8391632022,0.6231060606
0.8709538333,0.6231060606
0.9043339959,0.6231060606
0.9377141585,0.6231060606
0.9727633292,0.6231060606
1.0078125000,0.6231060606
-0.0078125000,0.6384943182
0.0035985043,0.6384943182
0.0150095086,0.6384943182
0.0269910631,0.6384943182
0.0389726176,0.6384943182
0.0515532498,0.6384943182
0.0641338820,0.6384943182
0.0773435459,0.6384943182
0.0905532097,0.6384943182
0.1044233567,0.6384943182
0.1182935038,0.6384943182
0.1328571582,0.6384943182
0.1474208125,0.6384943182
0.1627126496,0.6384943182
0.1780044868,0.6384943182
0.1940609157,0.6384943182
0.2101173447,0.6384943182
0.2269765951,0.6384943182
0.2438358455,0.6384943182
0.2615380584,0.6384943182
0.2792402713,0.6384943182
0.2978275949,0.6384943182
0.3164149185,0.6384943182
0.3359316082,0.6384943182
0.3554482980,0.6384943182
0.3759408222,0.6384943182
0.3964333464,0.6384943182
0.4179504969,0.6384943182
0.4394676473,0.6384943182
0.4620606553,0.6384943182
0.4846536633,0.6384943182
0.5083763217,0.6384943182
0.5320989800,0.6384943182
0.5570077713,0.6384943182
0.5819165626,0.6384943182
0.6080707935,0.6384943182
0.6342250243,0.6384943182
0.6616869667,0.6384943182
0.6891489091,0.6384943182
0.7179839486,0.6384943182
0.7468189881,0.6384943182
0.7770957796,0.6384943182
0.8073725711,0.6384943182
0.8391632022,0.6384943182
0.8709538333,0.6384943182
0.9043339959,0.6384943182
0.9377141585,0.6384943182
0.9727633292,0.6384943182
1.0078125000,0.6384943182
-0.0078125000,0.6538825758
0.0035985043,0.6538825758
0.0150095086,0.6538825758
0.0269910631,0.6538825758
0.0389726176,0.6538825758
0.0515532498,0.6538825758
0.0641338820,0.6538825758
0.0773435459,0.6538825758
0.0905532097,0.6538825758
0.1044233567,0.6538825758
0.1182935038,0.6538825758
0.1328571582,0.6538825758
0.1474208125,0.6538825758
0.1627126496,0.6538825758
0.1780044868,0.6538825758
0.1940609157,0.6538825758
0.2101173447,0.6538825758
0.2269765951,0.6538825758
0.2438358455,0.6538825758
0.2615380584,0.6538825758
0.2792402713,0.6538825758
0.2978275949,0.6538825758
0.3164149185,0.6538825758
0.3359316082,0.6538825758
0.3554482980,0.6538825758
0.3759408222,0.6538825758
0.3964333464,0.6538825758
0.4179504969,0.6538825758
0.4394676473,0.6538825758
0.4620606553,0.6538825758
0.4846536633,0.6538825758
0.5083763217,0.6538825758
0.5320989800,0.6538825758
0.5570077713,0.6538825758
0.5819165626,0.6538825758
0.6080707935,0.6538825758
0.6342250243,0.6538825758
0.6616869667,0.6538825758
0.6891489091,0.6538825758
0.7179839486,0.6538825758
0.7468189881,0.6538825758
0.7770957796,0.6538825758
0.8073725711,0.6538825758
0.8391632022,0.6538825758
0.8709538333,0.6538825758
0.9043339959,0.6538825758
0.9377141585,0.6538825758
0.9727633292,0.6538825758
1.0078125000,0.6538825758
-0.0078125000,0.6692708333
0.0035985043,0.6692708333
0.0150095086,0.6692708333
0.0269910631,0.6692708333
0.0389726176,0.6692708333
0.0515532498,0.6692708333
0.0641338820,0.6692708333
0.0773435459,0.6692708333
0.0905532097,0.6692708333
0.1044233567,0.6692708333
0.1182935038,0.6692708333
0.1328571582,0.6692708333
0.1474208125,0.6692708333
0.1627126496,0.6692708333
0.1780044868,0.6692708333
0.1940609157,0.6692708333
0.2101173447,0.6692708333
0.2269765951,0.6692708333
0.2438358455,0.6692708333
0.2615380584,0.6692708333
0.2792402713,0.6692708333
0.2978275949,0.6692708333
0.3164149185,0.6692708333
0.3359316082,0.6692708333
0.3554482980,0.6692708333
0.3759408222,0.6692708333
0.3964333464,0.6692708333
0.4179504969,0.6692708333
0.4394676473,0.6692708333
0.4620606553,0.6692708333
0.4846536633,0.6692708333
0.5083763217,0.6692708333
0.5320989800,0.6692708333
0.5570077713,0.6692708333
0.5819165626,0.6692708333
0.6080707935,0.6692708333
0.6342250243,0.6692708333
0.6616869667,0.6692708333
0.6891489091,0.6692708333
0.7179839486,0.6692708333
0.7468189881,0.6692708333
0.7770957796,0.6692708333
0.8073725711,0.6692708333
0.8391632022,0.6692708333
0.8709538333,0.6692708333
0.9043339959,0.6692708333
0.9377141585,0.6692708333
0.9727633292,0.6692708333
1.0078125000,0.6692708333
-0.0078125000,0.6846590909
0.0035985043,0.6846590909
0.0150095086,0.6846590909
0.0269910631,0.6846590909
0.0389726176,0.6846590909
0.0515532498,0.6846590909
0.0641338820,0.6846590909
0.0773435459,0.6846590909
0.0905532097,0.6846590909
0.1044233567,0.6846590909
0.1182935038,0.6846590909
0.1328571582,0.6846590909
0.1474208125,0.6846590909
0.1627126496,0.6846590909
0.1780044868,0.6846590909
0.1940609157,0.6846590909
0.2101173447,0.6846590909
0.2269765951,0.6846590909
0.2438358455,0.6846590909
0.2615380584,0.6846590909
0.2792402713,0.6846590909
0.2978275949,0.6846590909
0.3164149185,0.6846590909
0.3359316082,0.6846590909
0.3554482980,0.6846590909
0.3759408222,0.6846590909
0.3964333464,0.6846590909
0.4179504969,0.6846590909
0.4394676473,0.6846590909
0.4620606553,0.6846590909
0.4846536633,0.6846590909
0.5083763217,0.6846590909
0.5320989800,0.6846590909
0.5570077713,0.6846590909
0.5819165626,0.6846590909
0.6080707935,0.6846590909
0.6342250243,0.6846590909
0.6616869667,0.6846590909
0.6891489091,0.6846590909
0.7179839486,0.6846590909
0.7468189881,0.6846590909
0.7770957796,0.6846590909
0.8073725711,0.6846590909
0.8391632022,0.6846590909
0.8709538333,0.6846590909
0.9043339959,0.6846590909
0.9377141585,0.6846590909
0.9727633292,0.6846590909
1.0078125000,0.6846590909
-0.0078125000,0.7000473485
0.0035985043,0.7000473485
0.0150095086,0.7000473485
0.0269910631,0.7000473485
0.0389726176,0.7000473485
0.0515532498,0.7000473485
0.0641338820,0.7000473485
0.0773435459,0.7000473485
0.0905532097,0.7000473485
0.1044233567,0.7000473485
0.1182935038,0.7000473485
0.1328571582,0.7000473485
0.1474208125,0.7000473485
0.1627126496,0.7000473485
0.1780044868,0.7000473485
0.1940609157,0.7000473485
0.2101173447,0.7000473485
0.2269765951,0.7000473485
0.2438358455,0.7000473485
0.2615380584,0.7000473485
0.2792402713,0.7000473485
0.2978275949,0.7000473485
0.3164149185,0.7000473485
0.3359316082,0.7000473485
0.3554482980,0.7000473485
0.3759408222,0.7000473485
0.3964333464,0.7000473485
0.4179504969,0.7000473485
0.4394676473,0.7000473485
0.4620606553,0.7000473485
0.4846536633,0.7000473485
0.5083763217,0.7000473485
0.5320989800,0.7000473485
0.5570077713,0.7000473485
0.5819165626,0.7000473485
0.6080707935,0.7000473485
0.6342250243,0.7000473485
0.6616869667,0.7000473485
0.6891489091,0.7000473485
0.7179839486,0.7000473485
0.7468189881,0.7000473485
0.7770957796,0.7000473485
0.8073725711,0.7000473485
0.8391632022,0.7000473485
0.8709538333,0.7000473485
0.9043339959,0.7000473485
0.9377141585,0.7000473485
0.9727633292,0.7000473485
1.0078125000,0.7000473485
-0.0078125000,0.7154356061
0.0035985043,0.7154356061
0.0150095086,0.7154356061
0.0269910631,0.7154356061
0.0389726176,0.7154356061
0.0515532498,0.7154356061
0.0641338820,0.7154356061
0.0773435459,0.7154356061
0.0905532097,0.7154356061
0.1044233567,0.7154356061
0.1182935038,0.7154356061
0.1328571582,0.7154356061
0.1474208125,0.7154356061
0.1627126496,0.7154356061
0.1780044868,0.7154356061
0.1940609157,0.7154356061
0.2101173447,0.7154356061
0.2269765951,0.7154356061
0.2438358455,0.7154356061
0.2615380584,0.7154356061
0.2792402713,0.7154356061
0.2978275949,0.7154356061
0.3164149185,0.7154356061
0.3359316082,0.7154356061
0.3554482980,0.7154356061
0.3759408222,0.7154356061
0.3964333464,0.7154356061
0.4179504969,0.7154356061
0.4394676473,0.7154356061
0.4620606553,0.7154356061
0.4846536633,0.7154356061
0.5083763217,0.7154356061
0.5320989800,0.7154356061
0.5570077713,0.7154356061
0.5819165626,0.7154356061
0.6080707935,0.7154356061
0.6342250243,0.7154356061
0.6616869667,0.7154356061
0.6891489091,0.7154356061
0.7179839486,0.7154356061
0.7468189881,0.7154356061
0.7770957796,0.7154356061
0.8073725711,0.7154356061
0.8391632022,0.7154356061
0.8709538333,0.7154356061
0.9043339959,0.7154356061
0.9377141585,0.7154356061
0.9727633292,0.7154356061
1.0078125000,0.7154356061
-0.0078125000,0.7308238636
0.0035985043,0.7308238636
0.0150095086,0.7308238636
0.0269910631,0.7308238636
0.0389726176,0.7308238636
0.0515532498,0.7308238636
0.0641338820,0.7308238636
0.0773435459,0.7308238636
0.0905532097,0.7308238636
0.1044233567,0.7308238636
0.1182935038,0.7308238636
0.1328571582,0.7308238636
0.1474208125,0.7308238636
0.1627126496,0.7308238636
0.1780044868,0.7308238636
0.1940609157,0.7308238636
0.2101173447,0.7308238636
0.2269765951,0.7308238636
0.2438358455,0.7308238636
0.2615380584,0.7308238636
0.2792402713,0.7308238636
0.2978275949,0.7308238636
0.3164149185,0.7308238636
0.3359316082,0.7308238636
0.3554482980,0.7308238636
0.3759408222,0.7308238636
0.3964333464,0.7308238636
0.4179504969,0.7308238636
0.4394676473,0.7308238636
0.4620606553,0.7308238636
0.4846536633,0.7308238636
0.5083763217,0.7308238636
0.5320989800,0.7308238636
0.5570077713,0.7308238636
0.5819165626,0.7308238636
0.6080707935,0.7308238636
0.6342250243,0.7308238636
0.6616869667,0.7308238636
0.6891489091,0.7308238636
0.7179839486,0.7308238636
0.7468189881,0.7308238636
0.7770957796,0.7308238636
0.8073725711,0.7308238636
0.8391632022,0.7308238636
0.8709538333,0.7308238636
0.9043339959,0.7308238636
0.9377141585,0.7308238636
0.9727633292,0.7308238636
1.0078125000,0.7308238636
-0.0078125000,0.7462121212
0.0035985043,0.7462121212
0.0150095086,0.7462121212
0.0269910631,0.7462121212
0.0389726176,0.7462121212
0.0515532498,0.7462121212
0.0641338820,0.7462121212
0.0773435459,0.7462121212
0.0905532097,0.7462121212
0.1044233567,0.7462121212
0.1182935038,0.7462121212
0.1328571582,0.7462121212
0.1474208125,0.7462121212
0.1627126496,0.7462121212
0.1780044868,0.7462121212
0.1940609157,0.7462121212
0.2101173447,0.7462121212
0.2269765951,0.7462121212
0.2438358455,0.7462121212
0.2615380584,0.7462121212
0.2792402713,0.7462121212
0.2978275949,0.7462121212
0.3164149185,0.7462121212
0.3359316082,0.7462121212
0.3554482980,0.7462121212
0.3759408222,0.7462121212
0.3964333464,0.7462121212
0.4179504969,0.7462121212
0.4394676473,0.7462121212
0.4620606553,0.7462121212
0.4846536633,0.7462121212
0.5083763217,0.7462121212
0.5320989800,0.7462121212
0.5570077713,0.7462121212
0.5819165626,0.7462121212
0.6080707935,0.7462121212
0.6342250243,0.7462121212
0.6616869667,0.7462121212
0.6891489091,0.7462121212
0.7179839486,0.7462121212
0.7468189881,0.7462121212
0.7770957796,0.7462121212
0.8073725711,0.7462121212
0.8391632022,0.7462121212
0.8709538333,0.7462121212
0.9043339959,0.7462121212
0.9377141585,0.7462121212
0.9727633292,0.7462121212
1.0078125000,0.7462121212
-0.0078125000,0.7616003788
0.0035985043,0.7616003788
0.0150095086,0.7616003788
0.0269910631,0.7616003788
0.0389726176,0.7616003788
0.0515532498,0.7616003788
0.0641338820,0.7616003788
0.0773435459,0.7616003788
0.0905532097,0.7616003788
0.1044233567,0.7616003788
0.1182935038,0.7616003788
0.1328571582,0.7616003788
0.1474208125,0.7616003788
0.1627126496,0.7616003788
0.1780044868,0.7616003788
0.1940609157,0.7616003788
0.2101173447,0.7616003788
0.2269765951,0.7616003788
0.2438358455,0.7616003788
0.2615380584,0.7616003788
0.2792402713,0.7616003788
0.2978275949,0.7616003788
0.3164149185,0.7616003788
0.3359316082,0.7616003788
0.3554482980,0.7616003788
0.3759408222,0.7616003788
0.3964333464,0.7616003788
0.4179504969,0.7616003788
0.4394676473,0.7616003788
0.4620606553,0.7616003788
0.4846536633,0.7616003788
0.5083763217,0.7616003788
0.5320989800,0.7616003788
0.5570077713,0.7616003788
0.5819165626,0.7616003788
0.6080707935,0.7616003788
0.6342250243,0.7616003788
0.6616869667,0.7616003788
0.6891489091,0.7616003788
0.7179839486,0.7616003788
0.7468189881,0.7616003788
0.7770957796,0.7616003788
0.8073725711,0.7616003788
0.8391632022,0.7616003788
0.8709538333,0.7616003788
0.9043339959,0.7616003788
0.9377141585,0.7616003788
0.9727633292,0.7616003788
1.0078125000,0.7616003788
-0.0078125000,0.7769886364
0.0035985043,0.7769886364
0.0150095086,0.7769886364
0.0269910631,0.7769886364
0.0389726176,0.7769886364
0.0515532498,0.7769886364
0.0641338820,0.7769886364
0.0773435459,0.7769886364
0.0905532097,0.7769886364
0.1044233567,0.7769886364
0.1182935038,0.7769886364
0.1328571582,0.7769886364
0.1474208125,0.7769886364
0.1627126496,0.7769886364
0.1780044868,0.7769886364
0.1940609157,0.7769886364
0.2101173447,0.7769886364
0.2269765951,0.7769886364
0.2438358455,0.7769886364
0.2615380584,0.7769886364
0.2792402713,0.7769886364
0.2978275949,0.7769886364
0.3164149185,0.7769886364
0.3359316082,0.7769886364
0.3554482980,0.7769886364
0.3759408222,0.7769886364
0.3964333464,0.7769886364
0.4179504969,0.7769886364
0.4394676473,0.7769886364
0.4620606553,0.7769886364
0.4846536633,0.7769886364
0.5083763217,0.7769886364
0.5320989800,0.7769886364
0.5570077713,0.7769886364
0.5819165626,0.7769886364
0.6080707935,0.7769886364
0.6342250243,0.7769886364
0.6616869667,0.7769886364
0.6891489091,0.7769886364
0.7179839486,0.7769886364
0.7468189881,0.7769886364
0.7770957796,0.7769886364
0.8073725711,0.7769886364
0.8391632022,0.7769886364
0.8709538333,0.7769886364
0.9043339959,0.7769886364
0.9377141585,0.7769886364
0.9727633292,0.7769886364
1.0078125000,0.7769886364
-0.0078125000,0.7923768939
0.0035985043,0.7923768939
0.0150095086,0.7923768939
0.0269910631,0.7923768939
0.0389726176,0.7923768939
0.0515532498,0.7923768939
0.0641338820,0.7923768939
0.0773435459,0.7923768939
0.0905532097,0.7923768939
0.1044233567,0.7923768939
0.1182935038,0.7923768939
0.1328571582,0.7923768939
0.1474208125,0.7923768939
0.1627126496,0.7923768939
0.1780044868,0.7923768939
0.1940609157,0.7923768939
0.2101173447,0.7923768939
0.2269765951,0.7923768939
0.2438358455,0.7923768939
0.2615380584,0.7923768939
0.2792402713,0.7923768939
0.2978275949,0.7923768939
0.3164149185,0.7923768939
0.3359316082,0.7923768939
0.3554482980,0.7923768939
0.3759408222,0.7923768939
0.3964333464,0.7923768939
0.4179504969,0.7923768939
0.4394676473,0.7923768939
0.4620606553,0.7923768939
0.4846536633,0.7923768939
0.5083763217,0.7923768939
0.5320989800,0.7923768939
0.5570077713,0.7923768939
0.5819165626,0.7923768939
0.6080707935,0.7923768939
0.6342250243,0.7923768939
0.6616869667,0.7923768939
0.6891489091,0.7923768939
0.7179839486,0.7923768939
0.7468189881,0.7923768939
0.7770957796,0.7923768939
0.8073725711,0.7923768939
0.8391632022,0.7923768939
0.8709538333,0.7923768939
0.9043339959,0.7923768939
0.9377141585,0.7923768939
0.9727633292,0.7923768939
1.0078125000,0.7923768939
-0.0078125000,0.8077651515
0.0035985043,0.8077651515
0.0150095086,0.8077651515
0.0269910631,0.8077651515
0.0389726176,0.8077651515
0.0515532498,0.8077651515
0.0641338820,0.8077651515
0.0773435459,0.8077651515
0.0905532097,0.8077651515
0.1044233567,0.8077651515
0.1182935038,0.8077651515
0.1328571582,0.8077651515
0.1474208125,0.8077651515
0.1627126496,0.8077651515
0.1780044868,0.8077651515
0.1940609157,0.8077651515
0.2101173447,0.8077651515
0.2269765951,0.8077651515
0.2438358455,0.8077651515
0.2615380584,0.8077651515
0.2792402713,0.8077651515
0.2978275949,0.8077651515
0.3164149185,0.8077651515
0.3359316082,0.8077651515
0.3554482980,0.8077651515
0.3759408222,0.8077651515
0.3964333464,0.8077651515
0.4179504969,0.8077651515
0.4394676473,0.8077651515
0.4620606553,0.8077651515
0.4846536633,0.8077651515
0.5083763217,0.8077651515
0.5320989800,0.8077651515
0.5570077713,0.8077651515
0.5819165626,0.8077651515
0.6080707935,0.8077651515
0.6342250243,0.8077651515
0.6616869667,0.8077651515
0.6891489091,0.8077651515
0.7179839486,0.8077651515
0.7468189881,0.8077651515
0.7770957796,0.8077651515
0.8073725711,0.8077651515
0.8391632022,0.8077651515
0.8709538333,0.8077651515
0.9043339959,0.8077651515
0.9377141585,0.8077651515
0.9727633292,0.8077651515
1.0078125000,0.8077651515
-0.0078125000,0.8231534091
0.0035985043,0.8231534091
0.0150095086,0.8231534091
0.0269910631,0.8231534091
0.0389726176,0.8231534091
0.0515532498,0.8231534091
0.0641338820,0.8231534091
0.0773435459,0.8231534091
0.0905532097,0.8231534091
0.1044233567,0.8231534091
0.1182935038,0.8231534091
0.1328571582,0.8231534091
0.1474208125,0.8231534091
0.1627126496,0.8231534091
0.1780044868,0.8231534091
0.1940609157,0.8231534091
0.2101173447,0.8231534091
0.2269765951,0.8231534091
0.2438358455,0.8231534091
0.2615380584,0.8231534091
0.2792402713,0.8231534091
0.2978275949,0.8231534091
0.3164149185,0.8231534091
0.3359316082,0.8231534091
0.3554482980,0.8231534091
0.3759408222,0.8231534091
0.3964333464,0.8231534091
0.4179504969,0.8231534091
0.4394676473,0.8231534091
0.4620606553,0.8231534091
0.4846536633,0.8231534091
0.5083763217,0.8231534091
0.5320989800,0.8231534091
0.5570077713,0.8231534091
0.5819165626,0.8231534091
0.6080707935,0.8231534091
0.6342250243,0.8231534091
0.6616869667,0.8231534091
0.6891489091,0.8231534091
0.7179839486,0.8231534091
0.7468189881,0.8231534091
0.7770957796,0.8231534091
0.8073725711,0.8231534091
0.8391632022,0.8231534091
0.8709538333,0.8231534091
0.9043339959,0.8231534091
0.9377141585,0.8231534091
0.9727633292,0.8231534091
1.0078125000,0.8231534091
-0.0078125000,0.8385416667
0.0035985043,0.8385416667
0.0150095086,0.8385416667
0.0269910631,0.8385416667
0.0389726176,0.8385416667
0.0515532498,0.8385416667
0.0641338820,0.8385416667
0.0773435459,0.8385416667
0.0905532097,0.8385416667
0.1044233567,0.8385416667
0.1182935038,0.8385416667
0.1328571582,0.8385416667
0.1474208125,0.8385416667
0.1627126496,0.8385416667
0.1780044868,0.8385416667
0.1940609157,0.8385416667
0.2101173447,0.8385416667
0.2269765951,0.8385416667
0.2438358455,0.8385416667
0.2615380584,0.8385416667
0.2792402713,0.8385416667
0.2978275949,0.8385416667
0.3164149185,0.8385416667
0.3359316082,0.8385416667
0.3554482980,0.8385416667
0.3759408222,0.8385416667
0.3964333464,0.8385416667
0.4179504969,0.8385416667
0.4394676473,0.8385416667
0.4620606553,0.8385416667
0.4846536633,0.8385416667
0.5083763217,0.8385416667
0.5320989800,0.8385416667
0.5570077713,0.8385416667
0.5819165626,0.8385416667
0.6080707935,0.8385416667
0.6342250243,0.8385416667
0.6616869667,0.8385416667
0.6891489091,0.8385416667
0.7179839486,0.8385416667
0.7468189881,0.8385416667
0.7770957796,0.8385416667
0.8073725711,0.8385416667
0.8391632022,0.8385416667
0.8709538333,0.8385416667
0.9043339959,0.8385416667
0.9377141585,0.8385416667
0.9727633292,0.8385416667
1.0078125000,0.8385416667
-0.0078125000,0.8539299242
0.0035985043,0.8539299242
0.0150095086,0.8539299242
0.0269910631,0.8539299242
0.0389726176,0.8539299242
0.0515532498,0.8539299242
0.0641338820,0.8539299242
0.0773435459,0.8539299242
0.0905532097,0.8539299242
0.1044233567,0.8539299242
0.1182935038,0.8539299242
0.1328571582,0.8539299242
0.1474208125,0.8539299242
0.1627126496,0.8539299242
0.1780044868,0.8539299242
0.1940609157,0.8539299242
0.2101173447,0.8539299242
0.2269765951,0.8539299242
0.2438358455,0.8539299242
0.2615380584,0.8539299242
0.2792402713,0.8539299242
0.2978275949,0.8539299242
0.3164149185,0.8539299242
0.3359316082,0.8539299242
0.3554482980,0.8539299242
0.3759408222,0.8539299242
0.3964333464,0.8539299242
0.4179504969,0.8539299242
0.4394676473,0.8539299242
0.4620606553,0.8539299242
0.4846536633,0.8539299242
0.5083763217,0.8539299242
0.5320989800,0.8539299242
0.5570077713,0.8539299242
0.5819165626,0.8539299242
0.6080707935,0.8539299242
0.6342250243,0.8539299242
0.6616869667,0.8539299242
0.6891489091,0.8539299242
0.7179839486,0.8539299242
0.7468189881,0.8539299242
0.7770957796,0.8539299242
0.8073725711,0.8539299242
0.8391632022,0.8539299242
0.8709538333,0.8539299242
0.9043339959,0.8539299242
0.9377141585,0.8539299242
0.9727633292,0.8539299242
1.0078125000,0.8539299242
-0.0078125000,0.8693181818
0.0035985043,0.8693181818
0.0150095086,0.8693181818
0.0269910631,0.8693181818
0.0389726176,0.8693181818
0.0515532498,0.8693181818
0.0641338820,0.8693181818
0.0773435459,0.8693181818
0.0905532097,0.8693181818
0.1044233567,0.8693181818
0.1182935038,0.8693181818
0.1328571582,0.8693181818
0.1474208125,0.8693181818
0.1627126496,0.8693181818
0.1780044868,0.8693181818
0.1940609157,0.8693181818
0.2101173447,0.8693181818
0.2269765951,0.8693181818
0.2438358455,0.8693181818
0.2615380584,0.8693181818
0.2792402713,0.8693181818
0.2978275949,0.8693181818
0.3164149185,0.8693181818
0.3359316082,0.8693181818
0.3554482980,0.8693181818
0.3759408222,0.8693181818
0.3964333464,0.8693181818
0.4179504969,0.8693181818
0.4394676473,0.8693181818
0.4620606553,0.8693181818
0.4846536633,0.8693181818
0.5083763217,0.8693181818
0.5320989800,0.8693181818
0.5570077713,0.8693181818
0.5819165626,0.8693181818
0.6080707935,0.8693181818
0.6342250243,0.8693181818
0.6616869667,0.8693181818
0.6891489091,0.8693181818
0.7179839486,0.8693181818
0.7468189881,0.8693181818
0.7770957796,0.8693181818
0.8073725711,0.8693181818
0.8391632022,0.8693181818
0.8709538333,0.8693181818
0.9043339959,0.8693181818
0.9377141585,0.8693181818
0.9727633292,0.8693181818
1.0078125000,0.8693181818
-0.0078125000,0.8847064394
0.0035985043,0.8847064394
0.0150095086,0.8847064394
0.0269910631,0.8847064394
0.0389726176,0.8847064394
0.0515532498,0.8847064394
0.0641338820,0.8847064394
0.0773435459,0.8847064394
0.0905532097,0.8847064394
0.1044233567,0.8847064394
0.1182935038,0.8847064394
0.1328571582,0.8847064394
0.1474208125,0.8847064394
0.1627126496,0.8847064394
0.1780044868,0.8847064394
0.1940609157,0.8847064394
0.2101173447,0.8847064394
0.2269765951,0.8847064394
0.2438358455,0.8847064394
0.2615380584,0.8847064394
0.2792402713,0.8847064394
0.2978275949,0.8847064394
0.3164149185,0.8847064394
0.3359316082,0.8847064394
0.3554482980,0.8847064394
0.3759408222,0.8847064394
0.3964333464,0.8847064394
0.4179504969,0.8847064394
0.4394676473,0.8847064394
0.4620606553,0.8847064394
0.4846536633,0.8847064394
0.5083763217,0.8847064394
0.5320989800,0.8847064394
0.5570077713,0.8847064394
0.5819165626,0.8847064394
0.6080707935,0.8847064394
0.6342250243,0.8847064394
0.6616869667,0.8847064394
0.6891489091,0.8847064394
0.7179839486,0.8847064394
0.7468189881,0.8847064394
0.7770957796,0.8847064394
0.8073725711,0.8847064394
0.8391632022,0.8847064394
0.8709538333,0.8847064394
0.9043339959,0.8847064394
0.9377141585,0.8847064394
0.9727633292,0.8847064394
1.0078125000,0.8847064394
-0.0078125000,0.9000946970
0.0035985043,0.9000946970
0.0150095086,0.9000946970
0.0269910631,0.9000946970
0.0389726176,0.9000946970
0.0515532498,0.9000946970
0.0641338820,0.9000946970
0.0773435459,0.9000946970
0.0905532097,0.9000946970
0.1044233567,0.9000946970
0.1182935038,0.9000946970
0.1328571582,0.9000946970
0.1474208125,0.9000946970
0.1627126496,0.9000946970
0.1780044868,0.9000946970
0.1940609157,0.9000946970
0.2101173447,0.9000946970
0.2269765951,0.9000946970
0.2438358455,0.9000946970
0.2615380584,0.9000946970
0.2792402713,0.9000946970
0.2978275949,0.9000946970
0.3164149185,0.9000946970
0.3359316082,0.9000946970
0.3554482980,0.9000946970
0.3759408222,0.9000946970
0.3964333464,0.9000946970
0.4179504969,0.9000946970
0.4394676473,0.9000946970
0.4620606553,0.9000946970
0.4846536633,0.9000946970
0.5083763217,0.9000946970
0.5320989800,0.9000946970
0.5570077713,0.9000946970
0.5819165626,0.9000946970
0.6080707935,0.9000946970
0.6342250243,0.9000946970
0.6616869667,0.9000946970
0.6891489091,0.9000946970
0.7179839486,0.9000946970
0.7468189881,0.9000946970
0.7770957796,0.9000946970
0.8073725711,0.9000946970
0.8391632022,0.9000946970
0.8709538333,0.9000946970
0.9043339959,0.9000946970
0.9377141585,0.9000946970
0.9727633292,0.9000946970
1.0078125000,0.9000946970
-0.0078125000,0.9154829545
0.0035985043,0.9154829545
0.0150095086,0.9154829545
0.0269910631,0.9154829545
0.0389726176,0.9154829545
0.0515532498,0.9154829545
0.0641338820,0.9154829545
0.0773435459,0.9154829545
0.0905532097,0.9154829545
0.1044233567,0.9154829545
0.1182935038,0.9154829545
0.1328571582,0.9154829545
0.1474208125,0.9154829545
0.1627126496,0.9154829545
0.1780044868,0.9154829545
0.1940609157,0.9154829545
0.2101173447,0.9154829545
0.2269765951,0.9154829545
0.2438358455,0.9154829545
0.2615380584,0.9154829545
0.2792402713,0.9154829545
0.2978275949,0.9154829545
0.3164149185,0.9154829545
0.3359316082,0.9154829545
0.3554482980,0.9154829545
0.3759408222,0.9154829545
0.3964333464,0.9154829545
0.4179504969,0.9154829545
0.4394676473,0.9154829545
0.4620606553,0.9154829545
0.4846536633,0.9154829545
0.5083763217,0.9154829545
0.5320989800,0.9154829545
0.5570077713,0.9154829545
0.5819165626,0.9154829545
0.6080707935,0.9154829545
0.6342250243,0.9154829545
0.6616869667,0.9154829545
0.6891489091,0.9154829545
0.7179839486,0.9154829545
0.7468189881,0.9154829545
0.7770957796,0.9154829545
0.8073725711,0.9154829545
0.8391632022,0.9154829545
0.8709538333,0.9154829545
0.9043339959,0.9154829545
0.9377141585,0.9154829545
0.9727633292,0.9154829545
1.0078125000,0.9154829545
-0.0078125000,0.9308712121
0.0035985043,0.9308712121
0.0150095086,0.9308712121
0.0269910631,0.9308712121
0.0389726176,0.9308712121
0.0515532498,0.9308712121
0.0641338820,0.9308712121
0.0773435459,0.9308712121
0.0905532097,0.9308712121
0.1044233567,0.9308712121
0.1182935038,0.9308712121
0.1328571582,0.9308712121
0.1474208125,0.9308712121
0.1627126496,0.9308712121
0.1780044868,0.9308712121
0.1940609157,0.9308712121
0.2101173447,0.9308712121
0.2269765951,0.9308712121
0.2438358455,0.9308712121
0.2615380584,0.9308712121
0.2792402713,0.9308712121
0.2978275949,0.9308712121
0.3164149185,0.9308712121
0.3359316082,0.9308712121
0.3554482980,0.9308712121
0.3759408222,0.9308712121
0.3964333464,0.9308712121
0.4179504969,0.9308712121
0.4394676473,0.9308712121
0.4620606553,0.9308712121
0.4846536633,0.9308712121
0.5083763217,0.9308712121
0.5320989800,0.9308712121
0.5570077713,0.9308712121
0.5819165626,0.9308712121
0.6080707935,0.9308712121
0.6342250243,0.9308712121
0.6616869667,0.9308712121
0.6891489091,0.9308712121
0.7179839486,0.9308712121
0.7468189881,0.9308712121
0.7770957796,0.9308712121
0.8073725711,0.9308712121
0.8391632022,0.9308712121
0.8709538333,0.9308712121
0.9043339959,0.9308712121
0.9377141585,0.9308712121
0.9727633292,0.9308712121
1.0078125000,0.9308712121
-0.0078125000,0.9462594697
0.0035985043,0.9462594697
0.0150095086,0.9462594697
0.0269910631,0.9462594697
0.0389726176,0.9462594697
0.0515532498,0.9462594697
0.0641338820,0.9462594697
0.0773435459,0.9462594697
0.0905532097,0.9462594697
0.1044233567,0.9462594697
0.1182935038,0.9462594697
0.1328571582,0.9462594697
0.1474208125,0.9462594697
0.1627126496,0.9462594697
0.1780044868,0.9462594697
0.1940609157,0.9462594697
0.2101173447,0.9462594697
0.2269765951,0.9462594697
0.2438358455,0.9462594697
0.2615380584,0.9462594697
0.2792402713,0.9462594697
0.2978275949,0.9462594697
0.3164149185,0.9462594697
0.3359316082,0.9462594697
0.3554482980,0.9462594697
0.3759408222,0.9462594697
0.3964333464,0.9462594697
0.4179504969,0.9462594697
0.4394676473,0.9462594697
0.4620606553,0.9462594697
0.4846536633,0.9462594697
0.5083763217,0.9462594697
0.5320989800,0.9462594697
0.5570077713,0.9462594697
0.5819165626,0.9462594697
0.6080707935,0.9462594697
0.6342250243,0.9462594697
0.6616869667,0.9462594697
0.6891489091,0.9462594697
0.7179839486,0.9462594697
0.7468189881,0.9462594697
0.7770957796,0.9462594697
0.8073725711,0.9462594697
0.8391632022,0.9462594697
0.8709538333,0.9462594697
0.9043339959,0.9462594697
0.9377141585,0.9462594697
0.9727633292,0.9462594697
1.0078125000,0.9462594697
-0.0078125000,0.9616477273
0.0035985043,0.9616477273
0.0150095086,0.9616477273
0.0269910631,0.9616477273
0.0389726176,0.9616477273
0.0515532498,0.9616477273
0.0641338820,0.9616477273
0.0773435459,0.9616477273
0.0905532097,0.9616477273
0.1044233567,0.9616477273
0.1182935038,0.9616477273
0.1328571582,0.9616477273
0.1474208125,0.9616477273
0.1627126496,0.9616477273
0.1780044868,0.9616477273
0.1940609157,0.9616477273
0.2101173447,0.9616477273
0.2269765951,0.9616477273
0.2438358455,0.9616477273
0.2615380584,0.9616477273
0.2792402713,0.9616477273
0.2978275949,0.9616477273
0.3164149185,0.9616477273
0.3359316082,0.9616477273
0.3554482980,0.9616477273
0.3759408222,0.9616477273
0.3964333464,0.9616477273
0.4179504969,0.9616477273
0.4394676473,0.9616477273
0.4620606553,0.9616477273
0.4846536633,0.9616477273
0.5083763217,0.9616477273
0.5320989800,0.9616477273
0.5570077713,0.9616477273
0.5819165626,0.9616477273
0.6080707935,0.9616477273
0.6342250243,0.9616477273
0.6616869667,0.9616477273
0.6891489091,0.9616477273
0.7179839486,0.9616477273
0.7468189881,0.9616477273
0.7770957796,0.9616477273
0.8073725711,0.9616477273
0.8391632022,0.9616477273
0.8709538333,0.9616477273
0.9043339959,0.9616477273
0.9377141585,0.9616477273
0.9727633292,0.9616477273
1.0078125000,0.9616477273
-0.0078125000,0.9770359848
0.0035985043,0.9770359848
0.0150095086,0.9770359848
0.0269910631,0.9770359848
0.0389726176,0.9770359848
0.0515532498,0.9770359848
0.0641338820,0.9770359848
0.0773435459,0.9770359848
0.0905532097,0.9770359848
0.1044233567,0.9770359848
0.1182935038,0.9770359848
0.1328571582,0.9770359848
0.1474208125,0.9770359848
0.1627126496,0.9770359848
0.1780044868,0.9770359848
0.1940609157,0.9770359848
0.2101173447,0.9770359848
0.2269765951,0.9770359848
0.2438358455,0.9770359848
0.2615380584,0.9770359848
0.2792402713,0.9770359848
0.2978275949,0.9770359848
0.3164149185,0.9770359848
0.3359316082,0.9770359848
0.3554482980,0.9770359848
0.3759408222,0.9770359848
0.3964333464,0.9770359848
0.4179504969,0.9770359848
0.4394676473,0.9770359848
0.4620606553,0.9770359848
0.4846536633,0.9770359848
0.5083763217,0.9770359848
0.5320989800,0.9770359848
0.5570077713,0.9770359848
0.5819165626,0.9770359848
0.6080707935,0.9770359848
0.6342250243,0.9770359848
0.6616869667,0.9770359848
0.6891489091,0.9770359848
0.7179839486,0.9770359848
0.7468189881,0.9770359848
0.7770957796,0.9770359848
0.8073725711,0.9770359848
0.8391632022,0.9770359848
0.8709538333,0.9770359848
0.9043339959,0.9770359848
0.9377141585,0.9770359848
0.9727633292,0.9770359848
1.0078125000,0.9770359848
-0.0078125000,0.9924242424
0.0035985043,0.9924242424
0.0150095086,0.9924242424
0.0269910631,0.9924242424
0.0389726176,0.9924242424
0.0515532498,0.9924242424
0.0641338820,0.9924242424
0.0773435459,0.9924242424
0.0905532097,0.9924242424
0.1044233567,0.9924242424
0.1182935038,0.9924242424
0.1328571582,0.9924242424
0.1474208125,0.9924242424
0.1627126496,0.9924242424
0.1780044868,0.9924242424
0.1940609157,0.9924242424
0.2101173447,0.9924242424
0.2269765951,0.9924242424
0.2438358455,0.9924242424
0.2615380584,0.9924242424
0.2792402713,0.9924242424
0.2978275949,0.9924242424
0.3164149185,0.9924242424
0.3359316082,0.9924242424
0.3554482980,0.9924242424
0.3759408222,0.9924242424
0.3964333464,0.9924242424
0.4179504969,0.9924242424
0.4394676473,0.9924242424
0.4620606553,0.9924242424
0.4846536633,0.9924242424
0.5083763217,0.9924242424
0.5320989800,0.9924242424
0.5570077713,0.9924242424
0.5819165626,0.9924242424
0.6080707935,0.9924242424
0.6342250243,0.9924242424
0.6616869667,0.9924242424
0.6891489091,0.9924242424
0.7179839486,0.9924242424
0.7468189881,0.9924242424
0.7770957796,0.9924242424
0.8073725711,0.9924242424
0.8391632022,0.9924242424
0.8709538333,0.9924242424
0.9043339959,0.9924242424
0.9377141585,0.9924242424
0.9727633292,0.9924242424
1.0078125000,0.9924242424
-0.0078125000,1.0078125000
0.0035985043,1.0078125000
0.0150095086,1.0078125000
0.0269910631,1.0078125000
0.0389726176,1.0078125000
0.0515532498,1.0078125000
0.0641338820,1.0078125000
0.0773435459,1.0078125000
0.0905532097,1.0078125000
0.1044233567,1.0078125000
0.1182935038,1.0078125000
0.1328571582,1.0078125000
0.1474208125,1.0078125000
0.1627126496,1.0078125000
0.1780044868,1.0078125000
0.1940609157,1.0078125000
0.2101173447,1.0078125000
0.2269765951,1.0078125000
0.2438358455,1.0078125000
0.2615380584,1.0078125000
0.2792402713,1.0078125000
0.2978275949,1.0078125000
0.3164149185,1.0078125000
0.3359316082,1.0078125000
0.3554482980,1.0078125000
0.3759408222,1.0078125000
0.3964333464,1.0078125000
0.4179504969,1.0078125000
0.4394676473,1.0078125000
0.4620606553,1.0078125000
0.4846536633,1.0078125000
0.5083763217,1.0078125000
0.5320989800,1.0078125000
0.5570077713,1.0078125000
0.5819165626,1.0078125000
0.6080707935,1.0078125000
0.6342250243,1.0078125000
0.6616869667,1.0078125000
0.6891489091,1.0078125000
0.7179839486,1.0078125000
0.7468189881,1.0078125000
0.7770957796,1.0078125000
0.8073725711,1.0078125000
0.8391632022,1.0078125000
0.8709538333,1.0078125000
0.9043339959,1.0078125000
0.9377141585,1.0078125000
0.9727633292,1.0078125000
1.0078125000,1.0078125000
